"","hour","jdate","activity","act2","Wind_speed_max_m.s","Wind_speed_avg_m.s","Rain_Accumulation_mm","Rain_Duration_s","delta.air","Air_Pressure_pascal","Air_Temperature_C","Relative_Humidity_pct","rain.log","air2","delta.air2","deltaair2.log","deltaair2.cube","wind.avg2","rh2"
"1",0,239,2,3.33333333333333,1.29,1.185,0.000166666666666667,1.33333333333333,-0.5,101201.333333333,25.6783333333333,82.025,0.288431791342327,101225.833333333,-24.5,NA,NA,1.404225,6728.100625
"2",0,240,26.8,28.2,1.92333333333333,1.375,0.000833333333333333,1.5,-1.16666666666667,101306,22.9116666666667,91.7633333333333,0.406131552651325,101307.5,-1.5,NA,NA,1.890625,8420.50934444444
"3",0,241,7.4,8.5,4.12333333333333,2.31833333333333,0,0,-0.833333333333333,101578.5,22.2233333333333,87.1633333333333,-6.90775527898214,101624,-45.5,NA,NA,5.37466944444444,7597.44667777778
"4",0,242,12.4,12,1.48833333333333,1.37166666666667,0,0,-0.666666666666667,101013.333333333,23.505,86.5833333333333,-6.90775527898214,101044.5,-31.1666666666715,NA,NA,1.88146944444444,7496.67361111111
"5",0,243,25.4,23.2,3.13,2.14833333333333,0.0363333333333333,19.1666666666667,-0.5,100334,22.6016666666667,85.88,2.95322483168723,100363.166666667,-29.1666666666715,NA,NA,4.61533611111111,7375.3744
"6",0,244,2.5,4.25,2.265,1.765,5e-04,3.16666666666667,-0.5,100133.166666667,25.2,84.7233333333333,1.15299524956107,100169.833333333,-36.666666666657,NA,NA,3.115225,7178.04321111111
"7",0,245,0,1,6.77,3.34666666666667,0.534666666666667,128.833333333333,0.833333333333333,99874.3333333333,18.7066666666667,79.9466666666667,4.85852734129561,99796.1666666667,78.166666666657,4.35885609231324,4.27569972093201,11.2001777777778,6391.46951111111
"8",0,246,13.2,14.2,3.445,2.41333333333333,0,0,0.166666666666667,100950.666666667,17.1733333333333,61.8283333333333,-6.90775527898214,100945.333333333,5.33333333334303,1.67416391599756,1.74716092947366,5.82417777777778,3822.74280277778
"9",0,247,16.6,19,1.97833333333333,1.63333333333333,0,0,-0.666666666666667,101154.666666667,18.1233333333333,66.375,-6.90775527898214,101185.666666667,-31,NA,NA,2.66777777777778,4405.640625
"10",0,248,81,87.8,3.71333333333333,2.44166666666667,0,0,-0.833333333333333,100643,19.7033333333333,81.89,-6.90775527898214,100689.333333333,-46.3333333333285,NA,NA,5.96173611111111,6705.9721
"11",0,249,13,44.8,3.36166666666667,2.12833333333333,0.126,188.666666666667,-0.166666666666667,100341.666666667,20.9983333333333,91.4966666666667,5.23998708987438,100359.333333333,-17.666666666657,NA,NA,4.52980277777778,8371.64001111111
"12",0,250,26.6,21.4,2.56666666666667,2.02833333333333,0.00533333333333333,12.6666666666667,0,100727.333333333,19.805,73.1833333333333,2.53905281531052,100718.5,8.83333333332848,2.1786456454632,2.06716371441583,4.11413611111111,5355.80027777778
"13",0,251,66.5,86.75,4.77833333333333,2.95,0,0.166666666666667,-0.5,100664.5,21.4183333333333,69.5683333333333,-1.78577739755051,100700.5,-36,NA,NA,8.7025,4839.75300277778
"14",0,252,129.333333333333,118.666666666667,3.75166666666667,2.03833333333333,0,0,0.5,100179.5,22.85,80.4116666666667,-6.90775527898214,100144.833333333,34.6666666666715,3.54580745621121,3.26064883100598,4.15480277777778,6466.03613611111
"15",0,256,113,117,3.37666666666667,2.235,0,0,-0.166666666666667,101166,22.98,75.375,-6.90775527898214,101176.833333333,-10.8333333333285,NA,NA,4.995225,5681.390625
"16",0,257,83.75,62,2.195,1.92,0.000833333333333333,0.833333333333333,-0.166666666666667,101079.5,24.6516666666667,72.065,-0.181122276218472,101101.666666667,-22.1666666666715,NA,NA,3.6864,5193.364225
"17",0,258,101.25,105.25,3.15,2.11666666666667,0.000166666666666667,0.166666666666667,-0.166666666666667,100807,23.6516666666667,86.8916666666667,-1.78577739755051,100818.166666667,-11.1666666666715,NA,NA,4.48027777777778,7550.16173611111
"18",0,259,36.75,74.75,0.908333333333333,0.696666666666667,0,0,0.166666666666667,101007.666666667,23.8,86.54,-6.90775527898214,101014.333333333,-6.66666666665697,NA,NA,0.485344444444444,7489.1716
"19",0,260,8.2,15.8,3.62833333333333,2.06166666666667,0,0,-0.333333333333333,101381.833333333,22.2033333333333,90.5266666666667,-6.90775527898214,101417.5,-35.6666666666715,NA,NA,4.25046944444444,8195.07737777778
"20",0,261,12.2,13.4,1.81333333333333,1.28166666666667,0.000666666666666667,2.83333333333333,-0.333333333333333,101223,21.305,91.0866666666667,1.04180675373555,101261.666666667,-38.6666666666715,NA,NA,1.64266944444444,8296.78084444445
"21",0,262,52,45.4,2.36166666666667,1.91,0,0,0,101163.5,22.7283333333333,77.375,-6.90775527898214,101154.833333333,8.66666666667152,2.15959962731302,2.05408004925006,3.6481,5986.890625
"22",0,263,11.8,5.8,3.55333333333333,2.42,0.00316666666666667,0.833333333333333,0.333333333333333,101676.333333333,20.035,69.515,-0.181122276218472,101657,19.3333333333285,2.96188244467834,2.68391596039957,5.8564,4832.335225
"23",0,264,8.2,9.2,3.91166666666667,2.625,0,0,-0.333333333333333,101860.833333333,20.315,73.9833333333333,-6.90775527898214,101881.833333333,-21,NA,NA,6.890625,5473.53361111111
"24",0,265,104.4,111,3.22333333333333,1.96333333333333,0,0,-1,101388.166666667,21.6666666666667,89.27,-6.90775527898214,101449,-60.8333333333285,NA,NA,3.85467777777778,7969.1329
"25",0,266,6.25,6,9.11,4.7,0.1325,99,-1.33333333333333,100319.166666667,24.4366666666667,82.4116666666667,4.59512995109368,100388.166666667,-69,NA,NA,22.09,6791.68280277778
"26",0,267,6.4,8.2,1.91166666666667,1.51166666666667,0.271833333333333,136.666666666667,-0.166666666666667,100889.166666667,15.065,70.175,4.91755218807664,100912,-22.8333333333285,NA,NA,2.28513611111111,4924.530625
"27",0,268,17.4,7.2,1.46333333333333,1.32333333333333,0,0,-0.166666666666667,101129.666666667,18.33,50.0483333333333,-6.90775527898214,101148.333333333,-18.666666666657,NA,NA,1.75121111111111,2504.83566944444
"28",0,269,6.2,7,3.935,2.39666666666667,0.000166666666666667,0.166666666666667,0.166666666666667,100731.833333333,16.1083333333333,74.7033333333333,-1.78577739755051,100729.166666667,2.66666666665697,0.981204182713163,1.38672254869959,5.74401111111111,5580.58801111111
"29",0,270,12.2,14.4,3.265,2.53166666666667,0,0,0.5,101051,15.8516666666667,68.375,-6.90775527898214,101029,22,3.09108790687074,2.80203933065539,6.40933611111111,4675.140625
"30",1,239,1.5,2,1.21,1.09166666666667,0,0,-0.333333333333333,101184,25.04,88.8516666666667,-6.90775527898214,101201.333333333,-17.3333333333285,NA,NA,1.19173611111111,7894.61866944444
"31",1,240,36.4,26.8,1.91833333333333,1.29333333333333,0,0,-0.333333333333333,101254.5,22.725,92.2983333333333,-6.90775527898214,101306,-51.5,NA,NA,1.67271111111111,8518.98233611111
"32",1,241,8.8,7.4,4.11166666666667,2.29,0,0,-1,101513.5,21.9033333333333,87.6333333333333,-6.90775527898214,101578.5,-65,NA,NA,5.2441,7679.60111111111
"33",1,242,26.2,12.4,1.325,1.13333333333333,0,0,-1.16666666666667,100971.833333333,23.42,87.3116666666667,-6.90775527898214,101013.333333333,-41.5,NA,NA,1.28444444444444,7623.32713611111
"34",1,243,32.2,25.4,2.82,2.08,0,0,-0.5,100315.166666667,22.3466666666667,87.465,-6.90775527898214,100334,-18.8333333333285,NA,NA,4.3264,7650.126225
"35",1,244,17.4,2.5,2.63333333333333,1.96666666666667,0,0,-1.33333333333333,100080.5,25.3016666666667,83.615,-6.90775527898214,100133.166666667,-52.6666666666715,NA,NA,3.86777777777778,6991.468225
"36",1,245,1,0,6.74833333333333,3.48833333333333,0,0,1,99933.1666666667,18.6683333333333,78.0666666666667,-6.90775527898214,99874.3333333333,58.833333333343,4.0747255847281,3.88932723705873,12.1684694444444,6094.40444444444
"37",1,246,12,13.2,3.91666666666667,2.41,0,0,-0.166666666666667,100952.333333333,16.09,70.545,-6.90775527898214,100950.666666667,1.66666666665697,0.511425443832141,1.18563110149439,5.8081,4976.597025
"38",1,247,13.2,16.6,2.58333333333333,2.16,0,0,-0.333333333333333,101120.333333333,17.51,67.1983333333333,-6.90775527898214,101154.666666667,-34.333333333343,NA,NA,4.6656,4515.61600277778
"39",1,248,43,81,3.19833333333333,2.23833333333333,0,0,-0.333333333333333,100591.166666667,19.2916666666667,83.845,-6.90775527898214,100643,-51.8333333333285,NA,NA,5.01013611111111,7029.984025
"40",1,249,8.4,13,3.12166666666667,1.93333333333333,0.131166666666667,307.5,0,100333.333333333,20.8783333333333,91.7716666666667,5.7284783392738,100341.666666667,-8.33333333334303,NA,NA,3.73777777777778,8422.03880277778
"41",1,250,20.2,26.6,2.57,1.95333333333333,0,0,0,100722.833333333,19.2766666666667,76.1016666666667,-6.90775527898214,100727.333333333,-4.5,NA,NA,3.81551111111111,5791.46366944444
"42",1,251,44.5,66.5,4.84666666666667,2.96833333333333,0,0,-0.833333333333333,100616.833333333,20.9733333333333,73.5483333333333,-6.90775527898214,100664.5,-47.6666666666715,NA,NA,8.81100277777778,5409.35733611111
"43",1,252,110.333333333333,129.333333333333,2.89833333333333,1.55333333333333,0.1785,44,0.166666666666667,100174,21.5566666666667,81.1983333333333,3.78421236093273,100179.5,-5.5,NA,NA,2.41284444444444,6593.16933611111
"44",1,256,110.75,113,3.72333333333333,2.30166666666667,0,0,0.166666666666667,101167.833333333,22.94,75.1216666666667,-6.90775527898214,101166,1.83333333332848,0.606681109406868,1.22390341034058,5.29766944444444,5643.26480277778
"45",1,257,116.75,83.75,2.92166666666667,2.35166666666667,0,0,0.166666666666667,101088.833333333,23.1966666666667,78.495,-6.90775527898214,101079.5,9.33333333332848,2.23369935862433,2.10545319921843,5.53033611111111,6161.465025
"46",1,258,86.75,101.25,3.705,2.38,0,0,-0.5,100789,23.665,83.0033333333333,-6.90775527898214,100807,-18,NA,NA,5.6644,6889.55334444444
"47",1,259,20,36.75,1.41333333333333,1.08,0,0,0,100996.833333333,22.9066666666667,88.975,-6.90775527898214,101007.666666667,-10.833333333343,NA,NA,1.1664,7916.550625
"48",1,260,11.25,8.2,4.08833333333333,2.23666666666667,0,0,0,101380.333333333,21.8033333333333,91.745,-6.90775527898214,101381.833333333,-1.5,NA,NA,5.00267777777778,8417.145025
"49",1,261,7.4,12.2,1.90333333333333,1.36333333333333,0,0,-0.333333333333333,101212.666666667,21.1083333333333,91.555,-6.90775527898214,101223,-10.3333333333285,NA,NA,1.85867777777778,8382.318025
"50",1,262,22.4,52,3.245,2.20333333333333,0,0,0.5,101177.833333333,22.335,79.7816666666667,-6.90775527898214,101163.5,14.3333333333285,2.66265759203334,2.42912054370701,4.85467777777778,6365.11433611111
"51",1,263,7.4,11.8,2.76666666666667,2.11333333333333,0,0,-0.166666666666667,101685.333333333,19.8216666666667,71.1816666666667,-6.90775527898214,101676.333333333,9,2.19733568227495,2.0800838230519,4.46617777777778,5066.82966944445
"52",1,264,6.2,8.2,3.29666666666667,2.175,0,0,-0.666666666666667,101827.166666667,20.0466666666667,76.625,-6.90775527898214,101860.833333333,-33.666666666657,NA,NA,4.730625,5871.390625
"53",1,265,120.2,104.4,2.52833333333333,1.63166666666667,0,0,-1.33333333333333,101313,21.64,90.4533333333333,-6.90775527898214,101388.166666667,-75.1666666666715,NA,NA,2.66233611111111,8181.80551111111
"54",1,266,15.5,6.25,8.91,4.71166666666667,0,0,-0.833333333333333,100242.166666667,24.1533333333333,84.1383333333333,-6.90775527898214,100319.166666667,-77,NA,NA,22.1998027777778,7079.25913611111
"55",1,267,8.4,6.4,2.22333333333333,1.69666666666667,0,0,0.666666666666667,100905.666666667,14.4183333333333,70.8316666666667,-6.90775527898214,100889.166666667,16.5,2.80342098513067,2.54582168482974,2.87867777777778,5017.12500277778
"56",1,268,4,17.4,1.735,1.53166666666667,0,0,-0.5,101126,16.805,58.7733333333333,-6.90775527898214,101129.666666667,-3.66666666667152,NA,NA,2.34600277777778,3454.30471111111
"57",1,269,9.2,6.2,3.91833333333333,2.44,0,0,0,100740.833333333,15.6083333333333,77.97,-6.90775527898214,100731.833333333,9,2.19733568227495,2.0800838230519,5.9536,6079.3209
"58",1,270,3.6,12.2,3.16833333333333,2.53833333333333,0,0,-0.333333333333333,101053.5,15.8116666666667,67.7633333333333,-6.90775527898214,101051,2.5,0.916690651895482,1.35720880829745,6.44313611111111,4591.86934444444
"59",19,238,0,NA,1.76833333333333,1.53,0.01,80,0.833333333333333,101163.833333333,25.9233333333333,70.935,4.38203913459576,101332.833333333,-169,NA,NA,2.3409,5031.774225
"60",19,239,5,2.5,1.72833333333333,1.115,0.05,90,0.666666666666667,101170.5,25.05,84.45,4.49982078137965,101183.666666667,-13.1666666666715,NA,NA,1.243225,7131.8025
"61",19,240,0,6.6,5.06166666666667,2.78,0,0,0.666666666666667,101490,24.5083333333333,83.8116666666667,-6.90775527898214,101376.833333333,113.166666666672,4.72887049481594,4.83696384647545,7.7284,7024.39546944444
"62",19,241,2,3,0.856666666666667,0.74,0,0,0.166666666666667,101133.833333333,25.1533333333333,75.3266666666667,-6.90775527898214,101545.666666667,-411.833333333343,NA,NA,0.5476,5674.10671111111
"63",19,242,1.25,4.5,2.46166666666667,1.86166666666667,2.18,1150,0.5,100387.666666667,25.3533333333333,76.7133333333333,7.04751809092213,100864.166666667,-476.5,NA,NA,3.46580277777778,5884.93551111111
"64",19,243,2.66666666666667,6.2,1.04666666666667,0.801666666666667,0,3,1.16666666666667,100242.166666667,25.91,68.0816666666667,1.09894556645823,100338.666666667,-96.5,NA,NA,0.642669444444444,4635.11333611111
"65",19,244,5,4,5.58833333333333,3.11,31.9681666666667,7517,2.33333333333333,99276.6666666667,22.335,90.6333333333333,8.92492253420926,99945.3333333333,-668.666666666657,NA,NA,9.6721,8214.40111111111
"66",19,245,4.33333333333333,3.5,2.76666666666667,2.02333333333333,0,0,1.5,100854,20.7266666666667,48.0266666666667,-6.90775527898214,100406.166666667,447.833333333328,6.10442337235851,7.65077573880259,4.09387777777778,2306.56071111111
"67",19,246,3.2,4.5,1.95666666666667,1.515,0,0,1,101126.666666667,21.2316666666667,58.4866666666667,-6.90775527898214,101148.833333333,-22.166666666657,NA,NA,2.295225,3420.69017777778
"68",19,247,3.66666666666667,1.66666666666667,2.20333333333333,1.875,0,0,0.833333333333333,100816.666666667,21.5433333333333,66.6633333333333,-6.90775527898214,101177.166666667,-360.5,NA,NA,3.515625,4444.00001111111
"69",19,248,14,3.25,1.02166666666667,0.9,0.16,470,0.333333333333333,100305,23.8533333333333,72.9683333333333,6.15273482236142,100461.166666667,-156.166666666672,NA,NA,0.81,5324.37766944444
"70",19,249,5.4,3.33333333333333,3.02166666666667,2.48833333333333,0.32,760,1.33333333333333,100518.5,23.2916666666667,58.4166666666667,6.63331974906898,100453.333333333,65.1666666666715,4.17696343590819,4.02415934331379,6.19180277777778,3412.50694444444
"71",19,250,8.75,3.8,5.46666666666667,3.48166666666667,0,10,0.666666666666667,100674.166666667,24.03,60.11,2.30268508799438,100884.5,-210.333333333328,NA,NA,12.1220027777778,3613.2121
"72",19,251,15.5,10.25,4.645,3.00833333333333,0,0,0.333333333333333,100156.833333333,24.2833333333333,74.2716666666667,-6.90775527898214,100509,-352.166666666672,NA,NA,9.05006944444444,5516.28046944444
"73",19,252,15.3333333333333,4,3.67166666666667,2.41333333333333,4.11,3180,2.5,100277.5,21.0633333333333,74.4516666666667,8.06463679023958,100208.5,69,4.23412099724586,4.10156592970235,5.82417777777778,5543.05066944444
"74",19,255,45.75,10.6666666666667,4.44833333333333,2.89333333333333,0,0,0,101146.5,24.4133333333333,70.1266666666667,-6.90775527898214,101492.833333333,-346.333333333328,NA,NA,8.37137777777778,4917.74937777778
"75",19,256,52.75,15.25,1.33,1.20333333333333,0.05,50,1.5,101082.666666667,26.5466666666667,66.14,3.91204300522815,101221.166666667,-138.5,NA,NA,1.44801111111111,4374.4996
"76",19,257,49,20.75,4.575,2.59,0.01,10,0.333333333333333,100833.333333333,25.5466666666667,76.5916666666667,2.30268508799438,101099.666666667,-266.333333333343,NA,NA,6.7081,5866.28340277778
"77",19,258,49,1,4.19833333333333,2.45833333333333,0,0,1.16666666666667,100836.166666667,25.3816666666667,85.24,-6.90775527898214,100764.5,71.6666666666715,4.27203969285064,4.15373770131776,6.04340277777778,7265.8576
"78",19,259,39.5,11,2.99666666666667,1.76833333333333,0,0,0.833333333333333,101455.833333333,22.6166666666667,86.3533333333333,-6.90775527898214,101175.666666667,280.166666666657,5.63538823347814,6.54343040510077,3.12700277777778,7456.89817777778
"79",19,260,21.25,27.8,2.52166666666667,1.615,0.04,170,0.5,101300.666666667,23.19,83.6683333333333,5.1358043193859,101498.5,-197.833333333328,NA,NA,2.608225,7000.39000277778
"80",19,261,31.4,12,1.33333333333333,1.08333333333333,0,0,0.833333333333333,101050,24.275,87.08,-6.90775527898214,101293.833333333,-243.833333333328,NA,NA,1.17361111111111,7582.9264
"81",19,262,5.8,1,2.77166666666667,2.09166666666667,0.188333333333333,49.6666666666667,0.833333333333333,101453,22.54,55.41,3.90535415130285,101397,56,4.02536954771857,3.82586236554478,4.37506944444444,3070.2681
"82",19,263,8,18.4,6.89,4.185,0,0,0.833333333333333,101916,21.0566666666667,65.0916666666667,-6.90775527898214,101803.5,112.5,4.72296211049386,4.82744692302815,17.514225,4236.92506944444
"83",19,264,38.4,8,6.09666666666667,3.54833333333333,0,0,0.333333333333333,101526.833333333,23.7233333333333,70.0733333333333,-6.90775527898214,101823.166666667,-296.333333333343,NA,NA,12.5906694444444,4910.27204444444
"84",19,265,61.6666666666667,47.8,7.61166666666667,4.08666666666667,7.89883333333333,5783.66666666667,0,100445.333333333,23.7033333333333,87.2616666666667,8.66279330483424,101081.833333333,-636.5,NA,NA,16.7008444444444,7614.59846944445
"85",19,266,61,2.5,6.22333333333333,3.395,16.31,8200,1.66666666666667,100794.833333333,18.71,62.5983333333333,9.01188955520356,100088,706.833333333328,6.5607963150062,8.90783862431536,11.526025,3918.55133611111
"86",19,267,6.6,6,1.915,1.66833333333333,0,0,0.5,101137,18.6216666666667,50.7233333333333,-6.90775527898214,101156.5,-19.5,NA,NA,2.78333611111111,2572.85654444444
"87",19,268,53.8,5.4,2.62833333333333,2.32666666666667,0.01,10,0.666666666666667,100677.833333333,18.6933333333333,63.9566666666667,2.30268508799438,101118.666666667,-440.833333333343,NA,NA,5.41337777777778,4090.45521111111
"88",19,269,27.2,16.8,3.42,2.83166666666667,0,0,0.666666666666667,100951.666666667,18.8583333333333,48.0016666666667,-6.90775527898214,100912.833333333,38.833333333343,3.6593047350793,3.38637375963777,8.01833611111111,2304.16000277778
"89",19,270,92.8,2,4.95666666666667,3.115,0.12,160,0.166666666666667,100689,20.9933333333333,58.305,5.0751800652143,101137.833333333,-448.833333333328,NA,NA,9.703225,3399.473025
"90",2,239,2.66666666666667,1.5,1.66,1.45833333333333,0,0,0,101181.166666667,24.2466666666667,90.475,-6.90775527898214,101184,-2.83333333332848,NA,NA,2.12673611111111,8185.725625
"91",2,240,33,36.4,1.49333333333333,0.961666666666667,0,0,-0.333333333333333,101233.666666667,22.6283333333333,92.7966666666667,-6.90775527898214,101254.5,-20.8333333333285,NA,NA,0.924802777777778,8611.22134444444
"92",2,241,5.6,8.8,3.26666666666667,1.78166666666667,0,0,-0.333333333333333,101483,21.6933333333333,87.4333333333333,-6.90775527898214,101513.5,-30.5,NA,NA,3.17433611111111,7644.58777777778
"93",2,242,11.8,26.2,0.956666666666667,0.786666666666667,0,0,-0.5,100899.5,23.155,88.0933333333333,-6.90775527898214,100971.833333333,-72.3333333333285,NA,NA,0.618844444444444,7760.43537777778
"94",2,243,19.8,32.2,2.55333333333333,1.985,0,0,-0.5,100283,22.09,89.2566666666667,-6.90775527898214,100315.166666667,-32.1666666666715,NA,NA,3.940225,7966.75254444444
"95",2,244,11.8,17.4,4.545,2.86,0,0,-1.16666666666667,99995,25.5566666666667,84.9716666666667,-6.90775527898214,100080.5,-85.5,NA,NA,8.1796,7220.18413611111
"96",2,245,3.5,1,6.345,3.27,0,0,1.66666666666667,100015,18.73,75.28,-6.90775527898214,99933.1666666667,81.8333333333285,4.40469687845101,4.34153607368888,10.6929,5667.0784
"97",2,246,10.8,12,3.61666666666667,2.26333333333333,0,0,0.833333333333333,100978,16.19,75.6316666666667,-6.90775527898214,100952.333333333,25.6666666666715,3.24523209346576,2.94978133653282,5.12267777777778,5720.14900277778
"98",2,247,13,13.2,2.52166666666667,2.16333333333333,0,0,0,101105,16.5066666666667,74.7816666666667,-6.90775527898214,101120.333333333,-15.3333333333285,NA,NA,4.68001111111111,5592.29766944444
"99",2,248,11.4,43,3.94166666666667,2.62166666666667,0,0,-0.833333333333333,100572.666666667,19.5866666666667,82.3583333333333,-6.90775527898214,100591.166666667,-18.5,NA,NA,6.87313611111111,6782.89506944444
"100",2,249,10.75,8.4,3.28666666666667,1.98166666666667,0.278333333333333,656.166666666667,-0.166666666666667,100327.833333333,20.7233333333333,92.3366666666667,6.48641634571757,100333.333333333,-5.5,NA,NA,3.92700277777778,8526.06001111111
"101",2,250,15.8,20.2,2.655,2.00333333333333,0,0,0.166666666666667,100727.333333333,18.81,77.67,-6.90775527898214,100722.833333333,4.5,1.5042995943108,1.65096362444731,4.01334444444444,6032.6289
"102",2,251,45,44.5,4.27666666666667,2.72166666666667,0,0,-0.666666666666667,100574,20.5383333333333,77.9183333333333,-6.90775527898214,100616.833333333,-42.8333333333285,NA,NA,7.40746944444444,6071.26666944445
"103",2,252,72.3333333333333,110.333333333333,2.36,1.56333333333333,2.177,588.5,-0.166666666666667,100178,20.2216666666667,89.4333333333333,6.37757862593423,100174,4,1.3865443298751,1.5874010519682,2.44401111111111,7998.32111111111
"104",2,256,124.5,110.75,3.06833333333333,2.05166666666667,0.043,40.5,0,101175.333333333,22.285,78.9166666666667,3.70132666516569,101167.833333333,7.5,2.0150363449875,1.95743382058443,4.20933611111111,6227.84027777778
"105",2,257,152.666666666667,116.75,1.91,1.70833333333333,0,0,0,101088.333333333,23.8783333333333,74.2483333333333,-6.90775527898214,101088.833333333,-0.5,NA,NA,2.91840277777778,5512.81500277778
"106",2,258,49,86.75,3.58833333333333,2.36666666666667,0,0,0,100771.833333333,23.325,82.3866666666667,-6.90775527898214,100789,-17.1666666666715,NA,NA,5.60111111111111,6787.56284444444
"107",2,259,19.25,20,2.11166666666667,1.435,0,0,0.333333333333333,100996.333333333,22.72,85.25,-6.90775527898214,100996.833333333,-0.5,NA,NA,2.059225,7267.5625
"108",2,260,15.8,11.25,3.99333333333333,2.21333333333333,0,0,-0.166666666666667,101375.666666667,22.135,89.4716666666667,-6.90775527898214,101380.333333333,-4.66666666665697,NA,NA,4.89884444444444,8005.17913611111
"109",2,261,6,7.4,2.08166666666667,1.47166666666667,0,0,0,101199.333333333,20.825,91.4333333333333,-6.90775527898214,101212.666666667,-13.333333333343,NA,NA,2.16580277777778,8360.05444444445
"110",2,262,7.8,22.4,3.47166666666667,2.10333333333333,0,0,-0.333333333333333,101177.833333333,22.355,83.045,-6.90775527898214,101177.833333333,0,-6.90775527898214,0,4.42401111111111,6896.472025
"111",2,263,10,7.4,1.66333333333333,1.37833333333333,0,0,0.166666666666667,101682.5,19.145,76.6216666666667,-6.90775527898214,101685.333333333,-2.83333333332848,NA,NA,1.89980277777778,5870.87980277778
"112",2,264,12.8,6.2,2.74,1.895,0,0,-0.333333333333333,101796.666666667,19.9066666666667,78.16,-6.90775527898214,101827.166666667,-30.5,NA,NA,3.591025,6108.9856
"113",2,265,77.4,120.2,3.655,2.33166666666667,0,0,-1.33333333333333,101235.833333333,21.765,90.9333333333333,-6.90775527898214,101313,-77.1666666666715,NA,NA,5.43666944444444,8268.87111111111
"114",2,266,30,15.5,10.16,5.21333333333333,0,0,-2,100170.5,24.18,84.6866666666667,-6.90775527898214,100242.166666667,-71.6666666666715,NA,NA,27.1788444444444,7171.83151111111
"115",2,267,8,8.4,2.29666666666667,1.775,0,0,0.833333333333333,100945.166666667,13.85,74.9,-6.90775527898214,100905.666666667,39.5,3.67632598804232,3.40564230384454,3.150625,5610.01
"116",2,268,5.6,4,2.72833333333333,2.37833333333333,0,0,0,101110.666666667,14.9783333333333,66.9916666666667,-6.90775527898214,101126,-15.3333333333285,NA,NA,5.65646944444445,4487.88340277778
"117",2,269,17.6,9.2,5.03,2.90333333333333,0,0,-0.166666666666667,100729.666666667,15.4533333333333,78.565,-6.90775527898214,100740.833333333,-11.166666666657,NA,NA,8.42934444444444,6172.459225
"118",2,270,6.6,3.6,2.98333333333333,2.41333333333333,0,0,-0.166666666666667,101041.833333333,15.64,66.745,-6.90775527898214,101053.5,-11.6666666666715,NA,NA,5.82417777777778,4454.895025
"119",20,238,8.5,0,1.08666666666667,0.883333333333333,0.01,80,0.666666666666667,101214.833333333,25.1766666666667,75.8283333333333,4.38203913459576,101163.833333333,51,3.93184524037523,3.70842976926619,0.780277777777778,5749.93613611111
"120",20,239,10.6,5,1.45833333333333,0.961666666666667,0.05,90,1,101218,24.645,84.4216666666667,4.49982078137965,101170.5,47.5,3.86075076345057,3.62157822172087,0.924802777777778,7127.01780277778
"121",20,240,10.6,0,4.33166666666667,2.375,0,0,1.5,101549.833333333,23.8716666666667,85.4816666666667,-6.90775527898214,101490,59.8333333333285,4.0915796322124,3.91123940216603,5.640625,7307.11533611111
"122",20,241,9.6,2,1.27666666666667,1.175,0,0,-0.333333333333333,101125.333333333,24.9483333333333,73.7983333333333,-6.90775527898214,101133.833333333,-8.5,NA,NA,1.380625,5446.19400277778
"123",20,242,13.8,1.25,2.505,1.75,2.18,1150,-1,100364,24.3083333333333,79.5766666666667,7.04751809092213,100387.666666667,-23.6666666666715,NA,NA,3.0625,6332.44587777778
"124",20,243,7.8,2.66666666666667,1.85666666666667,1.49333333333333,0.0153333333333333,146.5,-0.833333333333333,100261.666666667,25.495,74.4,4.98703225437239,100242.166666667,19.5,2.9704657463061,2.69160630604364,2.23004444444444,5535.36
"125",20,244,4,5,7.31833333333333,3.69333333333333,32.08,7730,2,99429.1666666667,19.935,90.5266666666667,8.95286427094756,99276.6666666667,152.5,5.02717115340302,5.34264865074438,13.6407111111111,8195.07737777778
"126",20,245,23.2,4.33333333333333,2.88333333333333,2.30333333333333,0,0,0.833333333333333,100921.666666667,20.3583333333333,46.975,-6.90775527898214,100854,67.6666666666715,4.21460846858967,4.07497480339564,5.30534444444444,2206.650625
"127",20,246,19,3.2,2.04166666666667,1.505,0,0,0.666666666666667,101186.833333333,20.5566666666667,62.75,-6.90775527898214,101126.666666667,60.166666666657,4.09713510946516,3.91848916741618,2.265025,3937.5625
"128",20,247,35.8,3.66666666666667,3.75,2.53333333333333,0,0,-0.666666666666667,100824.666666667,20.4283333333333,75.1183333333333,-6.90775527898214,100816.666666667,8,2.07956653386799,2,6.41777777777778,5642.76400277778
"129",20,248,87.75,14,2.28,1.72166666666667,0.16,470,0.333333333333333,100324,23.0316666666667,80.5833333333333,6.15273482236142,100305,19,2.94449160936039,2.66840164872194,2.96413611111111,6493.67361111111
"130",20,249,80.2,5.4,2.97166666666667,2.53166666666667,0.32,760,0.833333333333333,100589.5,22.6466666666667,59.3683333333333,6.63331974906898,100518.5,71,4.26269396144917,4.14081774942285,6.40933611111111,3524.59900277778
"131",20,250,87,8.75,5.88666666666667,3.705,0,10,0.5,100709.833333333,23.7183333333333,59.7866666666667,2.30268508799438,100674.166666667,35.666666666657,3.57424458278366,3.29170449848778,13.727025,3574.44551111111
"132",20,251,126,15.5,4.57,2.91833333333333,0,0,-0.666666666666667,100154.333333333,23.4666666666667,79.91,-6.90775527898214,100156.833333333,-2.5,NA,NA,8.51666944444445,6385.6081
"133",20,252,75,15.3333333333333,4.05666666666667,2.21666666666667,4.11,3180,0.166666666666667,100372.833333333,20.3233333333333,65.5966666666667,8.06463679023958,100277.5,95.3333333333285,4.55739001160717,4.56823313396685,4.91361111111111,4302.92267777778
"134",20,255,142.5,45.75,4.68333333333333,2.93333333333333,0,0,0.333333333333333,101150.333333333,23.825,73.12,-6.90775527898214,101146.5,3.83333333332848,1.3439955822445,1.5650403121666,8.60444444444444,5346.5344
"135",20,256,106.5,52.75,1.11,0.846666666666667,0.05,50,0.333333333333333,101147,25.6083333333333,70.3516666666667,3.91204300522815,101082.666666667,64.3333333333285,4.16409344415734,4.00693242288172,0.716844444444445,4949.35700277778
"136",20,257,147.5,49,5.53333333333333,3.09166666666667,0.01,10,-0.166666666666667,100839.666666667,25.1966666666667,84.1616666666667,2.30268508799438,100833.333333333,6.33333333334303,1.84598457277264,1.85016636763813,9.55840277777778,7083.18613611111
"137",20,258,104.5,49,3.63833333333333,2.13833333333333,0,0,1,100895.333333333,25.0966666666667,86.6066666666667,-6.90775527898214,100836.166666667,59.166666666657,4.08037522151282,3.89665869123675,4.57246944444444,7500.71471111111
"138",20,259,39.2,39.5,2.665,1.57166666666667,0,0,-0.5,101458.833333333,22.6783333333333,89.6766666666667,-6.90775527898214,101455.833333333,3,1.09894556645823,1.44224957030741,2.47013611111111,8041.90454444444
"139",20,260,46.4,21.25,2.26166666666667,1.52166666666667,0.04,170,0,101320.333333333,22.835,85.35,5.1358043193859,101300.666666667,19.666666666657,2.97897600140206,2.69925295595189,2.31546944444444,7284.6225
"140",20,261,66.4,31.4,1.985,1.64166666666667,0,0,0.5,101085.5,23.7566666666667,86.3466666666667,-6.90775527898214,101050,35.5,3.56956086509872,3.28656922572121,2.69506944444444,7455.74684444444
"141",20,262,3,5.8,2.43166666666667,1.905,0.19,50,0.833333333333333,101502.333333333,22.4966666666667,53.5133333333333,3.91204300522815,101453,49.3333333333285,3.89862025516074,3.66758471043717,3.629025,2863.67684444444
"142",20,263,9.6,8,5.6,3.34333333333333,0,0,-0.166666666666667,101933.5,20.7566666666667,66.3366666666667,-6.90775527898214,101916,17.5,2.86225802215402,2.59624705092555,11.1778777777778,4400.55334444445
"143",20,264,78.6,38.4,5.29,2.955,0,0,-0.333333333333333,101531.166666667,22.925,79.5383333333333,-6.90775527898214,101526.833333333,4.33333333334303,1.46656781140331,1.63032441550413,8.732025,6326.34646944444
"144",20,265,30.5,61.6666666666667,7.79166666666667,4.33333333333333,7.95,5940,-0.5,100429.166666667,24.05,84.5983333333333,8.68946458070685,100445.333333333,-16.166666666657,NA,NA,18.7777777777778,7156.87800277778
"145",20,266,31.6,61,4.34333333333333,2.51166666666667,16.31,8200,0.666666666666667,100842.666666667,17.0666666666667,61.7033333333333,9.01188955520356,100794.833333333,47.833333333343,3.86774365223659,3.63003001018285,6.30846944444444,3807.30134444444
"146",20,267,5.4,6.6,2.06166666666667,1.80333333333333,0,0,0.333333333333333,101160.5,18.4383333333333,50.155,-6.90775527898214,101137,23.5,3.15704297343624,2.86432715799122,3.25201111111111,2515.524025
"147",20,268,30.8,53.8,3.115,2.68333333333333,0.01,10,0.333333333333333,100703.333333333,18.115,64.1183333333333,2.30268508799438,100677.833333333,25.5,3.23871766708174,2.94338265844167,7.20027777777778,4111.16066944445
"148",20,269,22.8,27.2,2.87666666666667,2.355,0,0,0.5,100990.5,17.4816666666667,53.6016666666667,-6.90775527898214,100951.666666667,38.8333333333285,3.65930473507893,3.38637375963735,5.546025,2873.13866944444
"149",20,270,101,92.8,4.70166666666667,3.04,0.12,160,-0.666666666666667,100673.5,20.635,59.795,5.0751800652143,100689,-15.5,NA,NA,9.2416,3575.442025
"150",21,238,5.33333333333333,8.5,2.01666666666667,1.67333333333333,0.01,80,0,101237.666666667,25.0383333333333,76.3466666666667,4.38203913459576,101214.833333333,22.833333333343,3.12826525126193,2.83698107644126,2.80004444444444,5828.81351111111
"151",21,239,10.8,10.6,1.55833333333333,1.19666666666667,0.05,90,0.833333333333333,101300.666666667,24.3433333333333,88.3516666666667,4.49982078137965,101218,82.6666666666715,4.41482855419796,4.35622338472513,1.43201111111111,7806.01700277778
"152",21,240,5.8,10.6,4.05333333333333,2.27833333333333,0,0,0.666666666666667,101617.5,23.315,85.64,-6.90775527898214,101549.833333333,67.6666666666715,4.21460846858967,4.07497480339564,5.19080277777778,7334.2096
"153",21,241,25.8,9.6,2.11666666666667,1.78,0,0,0,101133.833333333,23.8,81.6016666666667,-6.90775527898214,101125.333333333,8.5,2.14018380363522,2.04082755095867,3.1684,6658.83200277778
"154",21,242,24,13.8,2.28,1.61666666666667,2.18,1150,1,100340.833333333,23.3733333333333,83.505,7.04751809092213,100364,-23.1666666666715,NA,NA,2.61361111111111,6973.085025
"155",21,243,13,7.8,2.43,1.865,0.0295,189.5,0,100208.5,24.8466666666667,83.9816666666667,5.24439430155341,100261.666666667,-53.1666666666715,NA,NA,3.478225,7052.92033611111
"156",21,244,1,4,7.51333333333333,3.81166666666667,32.08,7730,2.5,99568.8333333333,18.86,90.4666666666667,8.95286427094756,99429.1666666667,139.666666666657,4.93926579113286,5.18836979979648,14.5288027777778,8184.21777777778
"157",21,245,18.2,23.2,2.78,2.38833333333333,0,0,0.166666666666667,100938.5,20.2183333333333,46.0916666666667,-6.90775527898214,100921.666666667,16.8333333333285,2.82342045178905,2.56285109869623,5.70413611111111,2124.44173611111
"158",21,246,6.25,19,2.52166666666667,1.73166666666667,0,0,0,101200.666666667,19.625,66.2366666666667,-6.90775527898214,101186.833333333,13.833333333343,2.62715342511314,2.40054000194736,2.99866944444444,4387.29601111111
"159",21,247,29.8,35.8,3.77833333333333,2.39833333333333,0,0,-0.833333333333333,100783.833333333,20.1633333333333,75.7883333333333,-6.90775527898214,100824.666666667,-40.833333333343,NA,NA,5.75200277777778,5743.87146944444
"160",21,248,94.8,87.75,2.78833333333333,1.83333333333333,0.166166666666667,484.5,0,100328.333333333,22.4933333333333,82.3716666666667,6.18311949531218,100324,4.33333333332848,1.46656781139995,1.63032441550231,3.36111111111111,6785.09146944444
"161",21,249,78,80.2,2.865,2.37166666666667,0.32,760,1,100641.333333333,21.8116666666667,63.2433333333333,6.63331974906898,100589.5,51.8333333333285,3.94805273536949,3.72851916322923,5.62480277777778,3999.71921111111
"162",21,250,92,87,5.60833333333333,3.58,0,10,-0.166666666666667,100714,23.2,61.6033333333333,2.30268508799438,100709.833333333,4.16666666667152,1.42735632684592,1.60914897434334,12.8164,3794.97067777778
"163",21,251,135.333333333333,126,5.825,3.32666666666667,0,0,0.833333333333333,100115.666666667,23.755,80.0816666666667,-6.90775527898214,100154.333333333,-38.666666666657,NA,NA,11.0667111111111,6413.07333611111
"164",21,252,15.3333333333333,75,3.27833333333333,2.24833333333333,4.11,3180,0.333333333333333,100386.5,18.93,71.1616666666667,8.06463679023958,100372.833333333,13.6666666666715,2.61503294609141,2.39086030002988,5.05500277777778,5063.98280277778
"165",21,255,165.25,142.5,5.21833333333333,2.93,0,0,0,101152.333333333,23.715,73.885,-6.90775527898214,101150.333333333,2,0.693647055601596,1.25992104989487,8.5849,5458.993225
"166",21,256,107.5,106.5,1.24,1.085,0.05,50,-0.333333333333333,101139.333333333,25.79,68.345,3.91204300522815,101147,-7.66666666667152,NA,NA,1.177225,4671.039025
"167",21,257,99.25,147.5,5.82666666666667,3.15166666666667,0.01,10,0,100825.833333333,24.7866666666667,86.4716666666667,2.30268508799438,100839.666666667,-13.833333333343,NA,NA,9.93300277777778,7477.34913611111
"168",21,258,115.5,104.5,3.135,1.94833333333333,0,0,1.16666666666667,100948.333333333,24.7716666666667,85.6333333333333,-6.90775527898214,100895.333333333,53,3.97031078129865,3.75628575422107,3.79600277777778,7333.06777777778
"169",21,259,38.4,39.2,2.59,1.59166666666667,0,0,0.166666666666667,101458.333333333,22.4816666666667,91.04,-6.90775527898214,101458.833333333,-0.5,NA,NA,2.53340277777778,8288.2816
"170",21,260,29.6,46.4,2.26666666666667,1.545,0.04,170,-0.5,101307.5,22.565,86.2866666666667,5.1358043193859,101320.333333333,-12.8333333333285,NA,NA,2.387025,7445.38884444444
"171",21,261,39.2,66.4,2.47666666666667,1.835,0,0,0.833333333333333,101122.833333333,23.5466666666667,79.5633333333333,-6.90775527898214,101085.5,37.3333333333285,3.61991336798241,3.34219862330958,3.367225,6330.32401111111
"172",21,262,3.8,3,2.99833333333333,2.18833333333333,0.19,50,1.16666666666667,101561.5,21.5566666666667,61.905,3.91204300522815,101502.333333333,59.1666666666715,4.08037522151307,3.89665869123707,4.78880277777778,3832.229025
"173",21,263,10,9.6,5.89833333333333,3.52833333333333,0,0,0,101929.166666667,20.77,66.7933333333333,-6.90775527898214,101933.5,-4.33333333332848,NA,NA,12.4491361111111,4461.34937777778
"174",21,264,97.2,78.6,4.59,2.665,0,0,-0.333333333333333,101518.166666667,22.5516666666667,83.9133333333333,-6.90775527898214,101531.166666667,-13,NA,NA,7.102225,7041.44751111111
"175",21,265,43.6666666666667,30.5,7.91666666666667,4.33166666666667,7.95,5940,0.333333333333333,100435.166666667,24.2733333333333,82.3666666666667,8.68946458070685,100429.166666667,6,1.79192612200738,1.81712059283214,18.7633361111111,6784.26777777778
"176",21,266,10.8,31.6,2.44,1.64833333333333,16.31,8200,1,100905.166666667,16.0366666666667,66.6516666666667,9.01188955520356,100842.666666667,62.5,4.13518255661436,3.9685026299205,2.71700277777778,4442.44466944445
"177",21,267,4.6,5.4,1.335,1.17833333333333,0,0,-0.166666666666667,101155,18.6566666666667,48.3883333333333,-6.90775527898214,101160.5,-5.5,NA,NA,1.38846944444444,2341.43080277778
"178",21,268,16.6,30.8,3.02833333333333,2.63833333333333,0.01,10,0.333333333333333,100716.833333333,17.3316666666667,67.9633333333333,2.30268508799438,100703.333333333,13.5,2.60276375677511,2.3811015779523,6.96080277777778,4619.01467777778
"179",21,269,23.8,22.8,3.69666666666667,2.72666666666667,0,0,0,101000.5,16.5633333333333,60.26,-6.90775527898214,100990.5,10,2.30268508799438,2.15443469003188,7.43471111111111,3631.2676
"180",21,270,69.4,101,5.10666666666667,3.04,0.12,160,-0.5,100636.333333333,20.22,62.4416666666667,5.0751800652143,100673.5,-37.1666666666715,NA,NA,9.2416,3898.96173611111
"181",22,238,1,5.33333333333333,1.41666666666667,1.25666666666667,0.01,80,-0.166666666666667,101230.166666667,25.2833333333333,73.2033333333333,4.38203913459576,101237.666666667,-7.5,NA,NA,1.57921111111111,5358.72801111111
"182",22,239,23.8,10.8,2.33666666666667,1.68833333333333,0.05,90,-0.5,101302.666666667,24.2433333333333,87.0683333333333,4.49982078137965,101300.666666667,2,0.693647055601596,1.25992104989487,2.85046944444444,7580.89466944444
"183",22,240,9.4,5.8,3.82833333333333,2.09,0,0,0.166666666666667,101636.5,22.9033333333333,86.185,-6.90775527898214,101617.5,19,2.94449160936039,2.66840164872194,4.3681,7427.854225
"184",22,241,23.8,25.8,2.25166666666667,1.79666666666667,0,0,-0.833333333333333,101100.5,23.105,85.0183333333333,-6.90775527898214,101133.833333333,-33.3333333333285,NA,NA,3.22801111111111,7228.11700277778
"185",22,242,27.4,24,2.43666666666667,1.94833333333333,2.18,1150,0.166666666666667,100383.333333333,23.0566666666667,83.9233333333333,7.04751809092213,100340.833333333,42.5,3.74952760506532,3.48976602345444,3.79600277777778,7043.12587777778
"186",22,243,4,13,1.36833333333333,1.00333333333333,0.03,190,-0.833333333333333,100208.333333333,24.7416666666667,85.3416666666667,5.24702933530453,100208.5,-0.166666666671517,NA,NA,1.00667777777778,7283.20006944445
"187",22,245,0,19.6,2.57666666666667,2.305,0,0,0,100952.333333333,20.14,45.4233333333333,-6.90775527898214,100938.5,13.8333333333285,2.62715342511208,2.40054000194652,5.313025,2063.27921111111
"188",22,245,19.6,18.2,2.57666666666667,2.305,0,0,0,100952.333333333,20.14,45.4233333333333,-6.90775527898214,100938.5,13.8333333333285,2.62715342511208,2.40054000194652,5.313025,2063.27921111111
"189",22,246,10,6.25,2.22666666666667,1.66333333333333,0,0,-0.166666666666667,101199.5,19.37,64.9633333333333,-6.90775527898214,101200.666666667,-1.16666666667152,NA,NA,2.76667777777778,4220.23467777778
"190",22,247,56,29.8,4.245,2.79666666666667,0,0,-0.5,100725.5,20.1416666666667,77.2966666666667,-6.90775527898214,100783.833333333,-58.3333333333285,NA,NA,7.82134444444445,5974.77467777778
"191",22,248,71.8,94.8,2.57,1.92,0.17,532.5,0.5,100352.333333333,21.5833333333333,87.815,6.27758477551609,100328.333333333,24,3.17809549614658,2.88449914061482,3.6864,7711.474225
"192",22,249,34,78,2.69333333333333,2.24333333333333,0.32,760,0.5,100685.666666667,21.205,66.1883333333333,6.63331974906898,100641.333333333,44.333333333343,3.79175939569045,3.53924093797015,5.03254444444444,4380.89546944444
"193",22,250,107.25,92,4.77333333333333,3.21166666666667,0,10,0,100732,22.3516666666667,65.0216666666667,2.30268508799438,100714,18,2.89042731190857,2.6207413942089,10.3148027777778,4227.81713611111
"194",22,251,137.333333333333,135.333333333333,5.87166666666667,3.475,0,0,-0.333333333333333,100158.333333333,23.9833333333333,78.5966666666667,-6.90775527898214,100115.666666667,42.666666666657,3.75344141247663,3.49432185894493,12.075625,6177.43601111111
"195",22,252,47.6666666666667,15.3333333333333,3.94333333333333,2.51666666666667,4.11,3180,0.5,100412.833333333,18.5066666666667,70.0866666666667,8.06463679023958,100386.5,26.3333333333285,3.27087353776125,2.97510258651793,6.33361111111111,4912.14084444445
"196",22,255,113.5,165.25,4.795,2.63166666666667,0,0,0,101159,23.7416666666667,73.2566666666667,-6.90775527898214,101152.333333333,6.66666666667152,1.89726997363773,1.88207205776251,6.92566944444444,5366.53921111111
"197",22,256,76,107.5,1.90833333333333,1.71166666666667,0.05,50,-0.333333333333333,101115.833333333,25.2966666666667,69.7183333333333,3.91204300522815,101139.333333333,-23.5,NA,NA,2.92980277777778,4860.64600277778
"198",22,257,96.25,99.25,3.675,2.17166666666667,0.01,10,-0.166666666666667,100822,24.5283333333333,89.1233333333333,2.30268508799438,100825.833333333,-3.83333333332848,NA,NA,4.71613611111111,7942.96854444444
"199",22,258,111,115.5,1.53333333333333,1.23,0,0,0.666666666666667,101006.5,24.6116666666667,83.7283333333333,-6.90775527898214,100948.333333333,58.1666666666715,4.06332964480375,3.87458083106103,1.5129,7010.43380277778
"200",22,259,60.5,38.4,3.08333333333333,1.75,0,0,-0.166666666666667,101453.333333333,22.6683333333333,90.4666666666667,-6.90775527898214,101458.333333333,-5,NA,NA,3.0625,8184.21777777778
"201",22,260,29.8,29.6,2.42666666666667,1.61833333333333,0.04,170,-0.333333333333333,101278.5,22.1216666666667,88.4116666666667,5.1358043193859,101307.5,-29,NA,NA,2.61900277777778,7816.62280277778
"202",22,261,24.2,39.2,2.34166666666667,1.88166666666667,0,0,-0.166666666666667,101144.166666667,23.4616666666667,76.7483333333333,-6.90775527898214,101122.833333333,21.333333333343,3.06031766859342,2.77344509740296,3.54066944444444,5890.30666944445
"203",22,262,8.4,3.8,4.10666666666667,2.68833333333333,0.19,50,0.666666666666667,101618,20.3783333333333,73.57,3.91204300522815,101561.5,56.5,4.03425833711081,3.83721513940499,7.22713611111111,5412.5449
"204",22,263,9,10,5.48833333333333,3.27166666666667,0,0,-0.666666666666667,101903.166666667,20.5866666666667,70.1866666666667,-6.90775527898214,101929.166666667,-26,NA,NA,10.7038027777778,4926.16817777778
"205",22,264,93.2,97.2,4.19333333333333,2.40166666666667,0,0,-0.333333333333333,101496.666666667,22.2216666666667,85.99,-6.90775527898214,101518.166666667,-21.5,NA,NA,5.76800277777778,7394.2801
"206",22,265,46,43.6666666666667,8.42166666666667,4.2,7.95,5940,-0.333333333333333,100441.666666667,24.425,82.5933333333333,8.68946458070685,100435.166666667,6.5,1.87195601122233,1.86625557840862,17.64,6821.65871111111
"207",22,266,15,10.8,1.92,1.39,16.31,8200,-0.333333333333333,100918.166666667,15.735,70.27,9.01188955520356,100905.166666667,13,2.56502627758003,2.35133468772076,1.9321,4937.8729
"208",22,267,2.8,4.6,1.17833333333333,1.09,0,0,0.166666666666667,101155.333333333,18.5216666666667,47.76,-6.90775527898214,101155,0.333333333328483,-1.09561677970282,0.693361274347271,1.1881,2281.0176
"209",22,268,7,16.6,3.35,2.63,0.01,10,-0.166666666666667,100723.5,16.8983333333333,69.9,2.30268508799438,100716.833333333,6.66666666667152,1.89726997363773,1.88207205776251,6.9169,4886.01
"210",22,269,15.8,23.8,3.63666666666667,2.71333333333333,0,0,0.333333333333333,101013.5,16.4583333333333,62.425,-6.90775527898214,101000.5,13,2.56502627758003,2.35133468772076,7.36217777777778,3896.880625
"211",22,270,90.8,69.4,5.19333333333333,3.07333333333333,0.12,160,-0.5,100603.666666667,20.0583333333333,62.9683333333333,5.0751800652143,100636.333333333,-32.666666666657,NA,NA,9.44537777777778,3965.01100277778
"212",23,238,3.33333333333333,1,1.395,1.25,0.01,80,0,101225.833333333,25.4416666666667,75.8566666666667,4.38203913459576,101230.166666667,-4.33333333334303,NA,NA,1.5625,5754.23387777778
"213",23,239,28.2,23.8,2.08,1.385,0.05,90,0.833333333333333,101307.5,23.4666666666667,89.6966666666667,4.49982078137965,101302.666666667,4.83333333332848,1.575743235909,1.69076110732769,1.918225,8045.49201111111
"214",23,240,8.5,9.4,3.17833333333333,1.70166666666667,0,0,-0.666666666666667,101624,22.4966666666667,87.035,-6.90775527898214,101636.5,-12.5,NA,NA,2.89566944444444,7575.091225
"215",23,241,12,23.8,2.33166666666667,1.90166666666667,0,0,-0.666666666666667,101044.5,22.9266666666667,87.835,-6.90775527898214,101100.5,-56,NA,NA,3.61633611111111,7714.987225
"216",23,242,23.2,27.4,2.81,2.14,2.18,1150,-0.5,100363.166666667,22.82,84.6016666666667,7.04751809092213,100383.333333333,-20.166666666657,NA,NA,4.5796,7157.44200277778
"217",23,243,4.25,4,2.07333333333333,1.58166666666667,0.03,190,-0.5,100169.833333333,25.0883333333333,83.1683333333333,5.24702933530453,100208.333333333,-38.5,NA,NA,2.50166944444444,6916.97166944445
"218",23,244,1,1,8.16333333333333,4.075,32.08,7730,1.5,99796.1666666667,18.6766666666667,83.66,8.95286427094756,99693.1666666667,103,4.63473869692037,4.6875481476536,16.605625,6998.9956
"219",23,245,14.2,0,2.78,2.32833333333333,0,0,0,100945.333333333,18.675,52.615,-6.90775527898214,100952.333333333,-7,NA,NA,5.42113611111111,2768.338225
"220",23,246,19,10,2.24833333333333,1.77,0,0,-0.333333333333333,101185.666666667,18.7683333333333,66.4316666666667,-6.90775527898214,101199.5,-13.8333333333285,NA,NA,3.1329,4413.16633611111
"221",23,247,87.8,56,4.53833333333333,2.975,0,0,-1,100689.333333333,20.0533333333333,79.27,-6.90775527898214,100725.5,-36.1666666666715,NA,NA,8.850625,6283.7329
"222",23,248,44.8,71.8,3.355,2.25,1.09,852.666666666667,-0.333333333333333,100359.333333333,21.2283333333333,89.7033333333333,6.74836986626123,100352.333333333,7,1.94605299599506,1.91293118277239,5.0625,8046.68801111111
"223",23,249,21.4,34,2.615,2.27833333333333,0.32,760,0.5,100718.5,20.4633333333333,69.9983333333333,6.63331974906898,100685.666666667,32.8333333333285,3.49147471589878,3.20212532423498,5.19080277777778,4899.76666944444
"224",23,250,86.75,107.25,4.97833333333333,3.18,0,10,-0.666666666666667,100700.5,21.8083333333333,67.0783333333333,2.30268508799438,100732,-31.5,NA,NA,10.1124,4499.50280277778
"225",23,251,118.666666666667,137.333333333333,4.67166666666667,2.8,0,0,0,100144.833333333,23.5916666666667,80.7266666666667,-6.90775527898214,100158.333333333,-13.5,NA,NA,7.84,6516.79471111111
"226",23,252,15.6666666666667,47.6666666666667,4.31166666666667,2.705,4.11,3180,0.333333333333333,100441.5,18.165,73.2566666666667,8.06463679023958,100412.833333333,28.6666666666715,3.35576989069807,3.06050010574906,7.317025,5366.53921111111
"227",23,255,117,113.5,3.35,2.23666666666667,0,0,0.166666666666667,101176.833333333,23.495,73.495,-6.90775527898214,101159,17.8333333333285,2.8811254384278,2.61262759183398,5.00267777777778,5401.515025
"228",23,256,62,76,1.855,1.70333333333333,0.05,50,-0.333333333333333,101101.666666667,25.3933333333333,69.0916666666667,3.91204300522815,101115.833333333,-14.166666666657,NA,NA,2.90134444444444,4773.65840277778
"229",23,257,105.25,96.25,3.70166666666667,2.49833333333333,0.01,10,-0.166666666666667,100818.166666667,24.1816666666667,86.7933333333333,2.30268508799438,100822,-3.83333333332848,NA,NA,6.24166944444445,7533.08271111111
"230",23,258,74.75,111,0.865,0.656666666666667,0,0,-0.666666666666667,101014.333333333,24.3533333333333,84.3333333333333,-6.90775527898214,101006.5,7.83333333332848,2.05851578390806,1.98601352842151,0.431211111111111,7112.11111111111
"231",23,259,15.8,60.5,3.16333333333333,1.76833333333333,0,0,-1,101417.5,22.5416666666667,89.795,-6.90775527898214,101453.333333333,-35.8333333333285,NA,NA,3.12700277777778,8063.142025
"232",23,260,13.4,29.8,1.79833333333333,1.24833333333333,0.04,170,-0.5,101261.666666667,21.7933333333333,89.5466666666667,5.1358043193859,101278.5,-16.8333333333285,NA,NA,1.55833611111111,8018.60551111111
"233",23,261,45.4,24.2,2.17,1.79333333333333,0,0,0.333333333333333,101154.833333333,23.285,75.5433333333333,-6.90775527898214,101144.166666667,10.666666666657,2.36721735973645,2.20128483259575,3.21604444444444,5706.79521111111
"234",23,262,5.8,8.4,4.02833333333333,2.58,0.19,50,0.5,101657,20.2033333333333,70.5583333333333,3.91204300522815,101618,39,3.66358728682656,3.39121144301417,6.6564,4978.47840277778
"235",23,263,9.2,9,4.71833333333333,2.905,0,0,-0.333333333333333,101881.833333333,20.42,72.3883333333333,-6.90775527898214,101903.166666667,-21.333333333343,NA,NA,8.439025,5240.07080277778
"236",23,264,111,93.2,4.025,2.29333333333333,0,0,-1,101449,21.7716666666667,88.2683333333333,-6.90775527898214,101496.666666667,-47.6666666666715,NA,NA,5.25937777777778,7791.29866944444
"237",23,265,6,46,9.28166666666667,4.84166666666667,7.95,5940,-1,100388.166666667,24.4666666666667,82.4083333333333,8.68946458070685,100441.666666667,-53.5,NA,NA,23.4417361111111,6791.13340277778
"238",23,266,8.2,15,1.79,1.37833333333333,16.31,8200,-0.166666666666667,100912,15.3233333333333,71.1966666666667,9.01188955520356,100918.166666667,-6.16666666667152,NA,NA,1.89980277777778,5068.96534444445
"239",23,267,7.2,2.8,1.28333333333333,1.18666666666667,0,0,-0.166666666666667,101148.333333333,18.8633333333333,45.5983333333333,-6.90775527898214,101155.333333333,-7,NA,NA,1.40817777777778,2079.20800277778
"240",23,268,7,7,4.33166666666667,2.81166666666667,0.01,10,0.166666666666667,100729.166666667,16.5783333333333,71.7683333333333,2.30268508799438,100723.5,5.66666666667152,1.73477751040809,1.78282708041363,7.90546944444444,5150.69366944444
"241",23,269,14.4,15.8,3.38833333333333,2.57,0,0,0.333333333333333,101029,15.785,68.02,-6.90775527898214,101013.5,15.5,2.74090453797316,2.49331547611932,6.6049,4626.7204
"242",23,270,90.2,90.8,4.38,2.535,0.12,160,0.5,100600.166666667,19.8333333333333,63.3266666666667,5.0751800652143,100603.666666667,-3.5,NA,NA,6.426225,4010.26671111111
"243",3,239,6.66666666666667,2.66666666666667,2.01833333333333,1.76833333333333,0,0,-0.833333333333333,101144.166666667,23.725,86.47,-6.90775527898214,101181.166666667,-37,NA,NA,3.12700277777778,7477.0609
"244",3,240,42.6,33,1.89666666666667,1.22166666666667,0,0,0.166666666666667,101233,22.5716666666667,93.02,-6.90775527898214,101233.666666667,-0.666666666671517,NA,NA,1.49246944444444,8652.7204
"245",3,241,6.4,5.6,2.87666666666667,1.61333333333333,0,0,0,101479.166666667,21.54,87.565,-6.90775527898214,101483,-3.83333333332848,NA,NA,2.60284444444444,7667.629225
"246",3,242,8.6,11.8,1.465,1.22333333333333,0,0,-0.666666666666667,100860.666666667,22.5666666666667,89.365,-6.90775527898214,100899.5,-38.8333333333285,NA,NA,1.49654444444444,7986.103225
"247",3,243,19.6,19.8,2.92833333333333,1.99666666666667,0,0,-0.333333333333333,100248.666666667,22.1,89.9383333333333,-6.90775527898214,100283,-34.3333333333285,NA,NA,3.98667777777778,8088.90380277778
"248",3,244,12.8,11.8,5.12333333333333,2.92333333333333,0,0,0,99963,26.0616666666667,86.4666666666667,-6.90775527898214,99995,-32,NA,NA,8.54587777777778,7476.48444444445
"249",3,245,3.5,3.5,6.16333333333333,3.30166666666667,0,0,1.5,100112,18.4266666666667,74.3916666666667,-6.90775527898214,100015,97,4.57472128772859,4.59470089220704,10.9010027777778,5534.12006944444
"250",3,246,12.4,10.8,2.73166666666667,1.925,0,0,0,101005.833333333,16.34,78.1366666666667,-6.90775527898214,100978,27.8333333333285,3.32627027068684,3.03055199974598,3.705625,6105.33867777778
"251",3,247,10.4,13,2.67,2.09666666666667,0,0,0,101101.333333333,15.8616666666667,78.4116666666667,-6.90775527898214,101105,-3.66666666667152,NA,NA,4.39601111111111,6148.38946944444
"252",3,248,9,11.4,3.86833333333333,2.57333333333333,0,0,-1.16666666666667,100513.333333333,19.5566666666667,81.7583333333333,-6.90775527898214,100572.666666667,-59.333333333343,NA,NA,6.62204444444444,6684.42506944445
"253",3,249,1,10.75,3.335,2.07666666666667,0.32,760,0.166666666666667,100324.666666667,20.83,91.0933333333333,6.63331974906898,100327.833333333,-3.16666666665697,NA,NA,4.31254444444444,8297.99537777778
"254",3,250,9.6,15.8,2.88166666666667,2.12,0,0,0.666666666666667,100759.333333333,19.005,74.0766666666667,-6.90775527898214,100727.333333333,32,3.46576715231146,3.1748021039364,4.4944,5487.35254444444
"255",3,251,47.75,45,3.49166666666667,2.34166666666667,0,0,-0.833333333333333,100529,20.0766666666667,82.4566666666667,-6.90775527898214,100574,-45,NA,NA,5.48340277777778,6799.10187777778
"256",3,252,19.3333333333333,72.3333333333333,2.25166666666667,1.38666666666667,2.23933333333333,767.666666666667,-0.166666666666667,100165.166666667,20.0133333333333,91.885,6.64335691380045,100178,-12.8333333333285,NA,NA,1.92284444444444,8442.853225
"257",3,256,80.25,124.5,2.68666666666667,1.88666666666667,0.05,50,0.166666666666667,101178.333333333,21.655,82.0883333333333,3.91204300522815,101175.333333333,3,1.09894556645823,1.44224957030741,3.55951111111111,6738.49446944444
"258",3,257,72.25,152.666666666667,1.87333333333333,1.61333333333333,0,0,-0.166666666666667,101079,23.54,76.035,-6.90775527898214,101088.333333333,-9.33333333332848,NA,NA,2.60284444444444,5781.321225
"259",3,258,30.75,49,4.86166666666667,2.76666666666667,0,0,-0.333333333333333,100760,23.2233333333333,79.675,-6.90775527898214,100771.833333333,-11.8333333333285,NA,NA,7.65444444444444,6348.105625
"260",3,259,10,19.25,2.45333333333333,1.49166666666667,0,0,0.333333333333333,101023.166666667,22.225,85.1383333333333,-6.90775527898214,100996.333333333,26.833333333343,3.28968216214311,2.99381441544094,2.22506944444444,7248.53580277778
"261",3,260,13,15.8,3.93333333333333,2.24666666666667,0,0,0,101359.833333333,22.2016666666667,89.065,-6.90775527898214,101375.666666667,-15.833333333343,NA,NA,5.04751111111111,7932.574225
"262",3,261,7,6,1.66833333333333,1.18666666666667,0,0,0.333333333333333,101207.666666667,20.5783333333333,92.7366666666667,-6.90775527898214,101199.333333333,8.33333333334303,2.12038352900183,2.02740066519192,1.40817777777778,8600.08934444444
"263",3,262,8.2,7.8,3.73833333333333,2.22166666666667,0,0,0.666666666666667,101190.666666667,22.3166666666667,82.2566666666667,-6.90775527898214,101177.833333333,12.833333333343,2.55212387166854,2.34124299834462,4.93580277777778,6766.15921111111
"264",3,263,9.2,10,0.786666666666667,0.661666666666667,0,0,0,101684.666666667,19.1233333333333,78.65,-6.90775527898214,101682.5,2.16666666667152,0.773651320221143,1.29398934611035,0.437802777777778,6185.8225
"265",3,264,9,12.8,4.43333333333333,2.77333333333333,0,0,-0.333333333333333,101769.166666667,20.1933333333333,77.9733333333333,-6.90775527898214,101796.666666667,-27.5,NA,NA,7.69137777777778,6079.84071111111
"266",3,265,56,77.4,3.93666666666667,2.4,0,0,-0.666666666666667,101180.833333333,22.0983333333333,91.2283333333333,-6.90775527898214,101235.833333333,-55,NA,NA,5.76,8322.60880277778
"267",3,266,16.8,30,11.265,5.795,0.153,82.8333333333333,-1.16666666666667,100077.166666667,24.4066666666667,83.4,4.41684262923031,100170.5,-93.3333333333285,NA,NA,33.582025,6955.56
"268",3,267,11,8,2.28333333333333,1.59333333333333,0,0,0.833333333333333,101003.833333333,13.195,78.6683333333333,-6.90775527898214,100945.166666667,58.666666666657,4.07188875167915,3.88565112216742,2.53871111111111,6188.70666944444
"269",3,268,3.6,5.6,2.14333333333333,1.90666666666667,0,0,0,101108,15.2666666666667,64.3383333333333,-6.90775527898214,101110.666666667,-2.66666666667152,NA,NA,3.63537777777778,4139.42113611111
"270",3,269,17.8,17.6,6.13833333333333,3.35666666666667,0,0,0.833333333333333,100750.5,16.0866666666667,74.4883333333333,-6.90775527898214,100729.666666667,20.8333333333285,3.03660226692205,2.75160604074531,11.2672111111111,5548.51180277778
"271",3,270,5,6.6,2.965,2.45,0,0,0.166666666666667,101042.833333333,15.0516666666667,70.685,-6.90775527898214,101041.833333333,1,0.000999500333083423,1,6.0025,4996.369225
"272",4,239,4.66666666666667,6.66666666666667,1.78666666666667,1.60166666666667,0,0,0,101117.833333333,23.8566666666667,83.8866666666667,-6.90775527898214,101144.166666667,-26.333333333343,NA,NA,2.56533611111111,7036.97284444445
"273",4,240,41.8,42.6,1.56,1.05666666666667,0,0,0.833333333333333,101265.666666667,22.76,93.165,-6.90775527898214,101233,32.6666666666715,3.48638580177896,3.19669798277422,1.11654444444444,8679.717225
"274",4,241,5.2,6.4,2.63833333333333,1.525,0,0,1,101491.166666667,21.58,87.8,-6.90775527898214,101479.166666667,12,2.4849899796493,2.28942848510666,2.325625,7708.84
"275",4,242,12.4,8.6,2.61166666666667,2.135,0,0,-0.166666666666667,100846.5,22.2166666666667,89.62,-6.90775527898214,100860.666666667,-14.1666666666715,NA,NA,4.558225,8031.7444
"276",4,243,20.4,19.6,3.15166666666667,2.2,0,0,0.333333333333333,100248.666666667,22.3683333333333,87.7,-6.90775527898214,100248.666666667,0,-6.90775527898214,0,4.84,7691.29
"277",4,244,6,12.8,3.44166666666667,2.105,0,0,-0.166666666666667,99968.6666666667,26.0366666666667,86.4666666666667,-6.90775527898214,99963,5.66666666667152,1.73477751040809,1.78282708041363,4.431025,7476.48444444445
"278",4,245,12,3.5,5.05666666666667,2.84166666666667,0,0,2,100210.5,17.585,74.8566666666667,-6.90775527898214,100112,98.5,4.59006670041077,4.6182638729486,8.07506944444444,5603.52054444444
"279",4,246,11.6,12.4,3.20833333333333,2.14166666666667,0,0,1,101029,15.4616666666667,81.8933333333333,-6.90775527898214,101005.833333333,23.1666666666715,3.14275762843887,2.85071969786387,4.58673611111111,6706.51804444444
"280",4,247,7.8,10.4,2.465,1.91833333333333,0,0,0.5,101130.833333333,15.6383333333333,78.6116666666667,-6.90775527898214,101101.333333333,29.5,3.38442416107632,3.08987330293282,3.68000277777778,6179.79413611111
"281",4,248,14.6,9,4.46666666666667,2.81666666666667,0,0,-0.666666666666667,100444.833333333,19.685,79.6483333333333,-6.90775527898214,100513.333333333,-68.5,NA,NA,7.93361111111111,6343.85700277778
"282",4,249,1,1,2.99666666666667,1.86333333333333,0.32,760,0.333333333333333,100346.166666667,20.75,90.7833333333333,6.63331974906898,100324.666666667,21.5,3.06809944567989,2.78064888326062,3.47201111111111,8241.61361111111
"283",4,250,9.6,9.6,2.72833333333333,2.01,0,0,0.666666666666667,100798.833333333,18.795,74.855,-6.90775527898214,100759.333333333,39.5,3.67632598804232,3.40564230384454,4.0401,5603.271025
"284",4,251,57.75,47.75,3.99166666666667,2.42666666666667,0,0,0,100508,19.9833333333333,84.8583333333333,-6.90775527898214,100529,-21,NA,NA,5.88871111111111,7200.93673611111
"285",4,252,28,19.3333333333333,1.79166666666667,1.16166666666667,2.27,890,-0.833333333333333,100129,19.9466666666667,92.4566666666667,6.79122258632106,100165.166666667,-36.1666666666715,NA,NA,1.34946944444444,8548.23521111111
"286",4,256,99.25,80.25,3.28,2.28666666666667,0.05,50,0.5,101191.666666667,21.49,81.68,3.91204300522815,101178.333333333,13.333333333343,2.59034216263419,2.37126220299395,5.22884444444444,6671.6224
"287",4,257,35.5,72.25,1.37833333333333,1.10166666666667,0,0,0.166666666666667,101075.666666667,22.5533333333333,81.0716666666667,-6.90775527898214,101079,-3.33333333332848,NA,NA,1.21366944444444,6572.61513611111
"288",4,258,35.75,30.75,5.09833333333333,2.83666666666667,0,0,-0.166666666666667,100739,23.005,78.1416666666667,-6.90775527898214,100760,-21,NA,NA,8.04667777777778,6106.12006944444
"289",4,259,8.5,10,3.70166666666667,1.97,0,0,1,101067.333333333,22.0833333333333,81.8566666666667,-6.90775527898214,101023.166666667,44.166666666657,3.78799299801107,3.53480022949432,3.8809,6700.51387777778
"290",4,260,6,13,3.57166666666667,1.885,0,0,1.16666666666667,101392.833333333,22.3,88.5616666666667,-6.90775527898214,101359.833333333,33,3.49653786403766,3.20753432999583,3.553225,7843.16880277778
"291",4,261,8.75,7,2,1.535,0,0,0.166666666666667,101223.666666667,20.1483333333333,93.0133333333333,-6.90775527898214,101207.666666667,16,2.77265122028674,2.51984209978975,2.356225,8651.48017777778
"292",4,262,6,8.2,3.705,2.09833333333333,0,0,1.33333333333333,101250,21.885,80.975,-6.90775527898214,101190.666666667,59.3333333333285,4.08318811541445,3.90031409552974,4.40300277777778,6556.950625
"293",4,263,12.2,9.2,1.45833333333333,1.25833333333333,0,0,0.166666666666667,101693.333333333,18.8883333333333,78.2916666666667,-6.90775527898214,101684.666666667,8.66666666665697,2.15959962731135,2.05408004924891,1.58340277777778,6129.58506944445
"294",4,264,10,9,3.605,2.41,0,0,0.333333333333333,101778.333333333,20.055,79.8716666666667,-6.90775527898214,101769.166666667,9.16666666665697,2.21568280096247,2.09284539273908,5.8081,6379.48313611111
"295",4,265,33.8,56,3.97833333333333,2.36,0,0,-0.5,101144.333333333,22.4183333333333,90.5116666666667,-6.90775527898214,101180.833333333,-36.5,NA,NA,5.5696,8192.36180277778
"296",4,266,2.5,16.8,10.94,5.52,2.24466666666667,1230.66666666667,0.333333333333333,100062,23.53,90.45,7.11531211952202,100077.166666667,-15.1666666666715,NA,NA,30.4704,8181.2025
"297",4,267,11.8,11,2.19,1.72,0,0,1,101065,12.7183333333333,80.3066666666667,-6.90775527898214,101003.833333333,61.1666666666715,4.1136187274668,3.94007907514498,2.9584,6449.16071111111
"298",4,268,4.2,3.6,1.76333333333333,1.58166666666667,0,0,-0.333333333333333,101099,15.1333333333333,64.435,-6.90775527898214,101108,-9,NA,NA,2.50166944444444,4151.869225
"299",4,269,16.4,17.8,4.44166666666667,2.70166666666667,0,0,0.5,100787.666666667,15.3833333333333,76.875,-6.90775527898214,100750.5,37.1666666666715,3.61543920769984,3.33721769398681,7.29900277777778,5909.765625
"300",4,270,8.4,5,3.03,2.5,0,0,0.5,101068.833333333,14.7116666666667,72.11,-6.90775527898214,101042.833333333,26,3.25813499882032,2.96249606840737,6.25,5199.8521
"301",5,239,7,4.66666666666667,1.30166666666667,1.16833333333333,0,0,0.833333333333333,101148.666666667,23.7,84.555,-6.90775527898214,101117.833333333,30.833333333343,3.4286287877571,3.13574081862382,1.36500277777778,7149.548025
"302",5,240,12.4,41.8,1.61833333333333,1.16166666666667,0,0,0.833333333333333,101307.833333333,22.9366666666667,93.3116666666667,-6.90775527898214,101265.666666667,42.166666666657,3.74165373463305,3.4806184951981,1.34946944444444,8707.06713611111
"303",5,241,9.33333333333333,5.2,2.53833333333333,1.43666666666667,0,0,0.166666666666667,101516.833333333,21.4916666666667,88.3066666666667,-6.90775527898214,101491.166666667,25.666666666657,3.2452320934652,2.94978133653226,2.06401111111111,7798.06737777778
"304",5,242,7.8,12.4,2.48333333333333,2.06666666666667,0,0,0.166666666666667,100849.333333333,22.4166666666667,89.2233333333333,-6.90775527898214,100846.5,2.83333333332848,1.04180675373383,1.41503079146178,4.27111111111111,7960.80321111111
"305",5,243,9.4,20.4,2.68,1.845,0,0,0.5,100289.666666667,22.375,86.9166666666667,-6.90775527898214,100248.666666667,41,3.71359645665077,3.44821724038273,3.404025,7554.50694444445
"306",5,244,6,6,2.14333333333333,1.41166666666667,0,0,-0.166666666666667,99954.5,25.3283333333333,86.015,-6.90775527898214,99968.6666666667,-14.1666666666715,NA,NA,1.99280277777778,7398.580225
"307",5,245,14.6,12,5.21666666666667,2.96,0,0,1.66666666666667,100318.5,16.7316666666667,76.1033333333333,-6.90775527898214,100210.5,108,4.68214048634061,4.7622031559046,8.7616,5791.71734444445
"308",5,246,16,11.6,3.50666666666667,2.16,0,0,1.16666666666667,101092.333333333,14.8483333333333,81.725,-6.90775527898214,101029,63.3333333333285,4.14842757284133,3.98606260476773,4.6656,6678.975625
"309",5,247,9.4,7.8,2.53166666666667,1.87333333333333,0,0,0.5,101153.666666667,15.5533333333333,78.97,-6.90775527898214,101130.833333333,22.833333333343,3.12826525126193,2.83698107644126,3.50937777777778,6236.2609
"310",5,248,10.6,14.6,4.22,2.46166666666667,0,0,0.5,100441.833333333,20.1866666666667,75.145,-6.90775527898214,100444.833333333,-3,NA,NA,6.05980277777778,5646.771025
"311",5,249,3,1,3.03166666666667,1.98666666666667,0.32,760,1.33333333333333,100383.166666667,20.5166666666667,90.9083333333333,6.63331974906898,100346.166666667,37,3.61094493930603,3.33222185164595,3.94684444444444,8264.32506944444
"312",5,250,16.6,9.6,2.62333333333333,1.96,0,0,0.666666666666667,100843.666666667,18.3583333333333,76.2483333333333,-6.90775527898214,100798.833333333,44.833333333343,3.80297421495797,3.55249664573895,3.8416,5813.80833611111
"313",5,251,56.75,57.75,5.04,2.93666666666667,0,0,0,100516.166666667,20.2733333333333,85.895,-6.90775527898214,100508,8.16666666667152,2.10018327036649,2.01379353932716,8.62401111111111,7377.951025
"314",5,252,5.5,28,1.58333333333333,1.03666666666667,2.32283333333333,949.166666666667,1,100159.166666667,20.235,91.4416666666667,6.85558546020842,100129,30.1666666666715,3.40677071065978,3.11297601718708,1.07467777777778,8361.57840277778
"315",5,256,28.25,99.25,4.005,2.80333333333333,0.05,50,0.333333333333333,101216.166666667,21.725,79.1883333333333,3.91204300522815,101191.666666667,24.5,3.19871393304425,2.90439286678185,7.85867777777778,6270.79213611111
"316",5,257,31,35.5,1.33166666666667,1.08,0,0,0,101095,22.0316666666667,86.7583333333333,-6.90775527898214,101075.666666667,19.3333333333285,2.96188244467834,2.68391596039957,1.1664,7527.00840277778
"317",5,258,28,35.75,5.06166666666667,2.97833333333333,0,0,0.166666666666667,100743.333333333,22.4866666666667,79.1283333333333,-6.90775527898214,100739,4.33333333332848,1.46656781139995,1.63032441550231,8.87046944444445,6261.29313611111
"318",5,259,7.75,8.5,3.7,2.095,0,0,0.833333333333333,101124.5,21.6716666666667,84.5266666666667,-6.90775527898214,101067.333333333,57.1666666666715,4.04598847049634,3.85224845704384,4.389025,7144.75737777778
"319",5,260,18.6,6,3.59666666666667,1.795,0,0,0.666666666666667,101450.833333333,22.2283333333333,88.335,-6.90775527898214,101392.833333333,58,4.0604602517771,3.8708766406278,3.222025,7803.072225
"320",5,261,11.6,8.75,1.51,1.17833333333333,0,0,1,101263.833333333,19.8616666666667,93.3466666666667,-6.90775527898214,101223.666666667,40.166666666657,3.69306236021801,3.42469524463775,1.38846944444444,8713.60017777778
"321",5,262,7,6,3.42833333333333,1.88,0,0,1.16666666666667,101328.166666667,21.1833333333333,84.0133333333333,-6.90775527898214,101250,78.1666666666715,4.35885609231343,4.27569972093227,3.5344,7058.24017777778
"322",5,263,9.6,12.2,1.34333333333333,1.04166666666667,0,0,1.16666666666667,101742,17.875,85.7233333333333,-6.90775527898214,101693.333333333,48.6666666666715,3.88501488077443,3.65098907746547,1.08506944444444,7348.48987777778
"323",5,264,11.6,10,4.16166666666667,2.98666666666667,0,0,0.166666666666667,101797.666666667,19.93,81.7316666666667,-6.90775527898214,101778.333333333,19.333333333343,2.9618824446791,2.68391596040024,8.92017777777778,6680.06533611111
"324",5,265,40.2,33.8,4.335,2.635,0,0,-0.666666666666667,101111.5,22.6216666666667,89.4616666666667,-6.90775527898214,101144.333333333,-32.8333333333285,NA,NA,6.943225,8003.38980277778
"325",5,266,1.33333333333333,2.5,8.80833333333333,4.46833333333333,2.49983333333333,1412.66666666667,0.5,100073.666666667,23.9183333333333,88.39,7.25323515804096,100062,11.6666666666715,2.45682148343417,2.2680307053181,19.9660027777778,7812.7921
"326",5,267,9.8,11.8,2.37166666666667,1.70833333333333,0,0,0.666666666666667,101108,12.3766666666667,79.8316666666667,-6.90775527898214,101065,43,3.7612233712371,3.50339806038672,2.91840277777778,6373.09500277778
"327",5,268,5.6,4.2,2.53666666666667,2.155,0,0,0.333333333333333,101095,13.6466666666667,71.3933333333333,-6.90775527898214,101099,-4,NA,NA,4.644025,5097.00804444444
"328",5,269,20.2,16.4,3.77666666666667,2.36,0,0,1.16666666666667,100842.833333333,14.4683333333333,80.4033333333333,-6.90775527898214,100787.666666667,55.166666666657,4.01037703287276,3.80678995323445,5.5696,6464.69601111111
"329",5,270,6.6,8.4,3.25666666666667,2.30333333333333,0,0,0.666666666666667,101110,14.5883333333333,73.19,-6.90775527898214,101068.833333333,41.1666666666715,3.71765315860298,3.45288330458705,5.30534444444444,5356.7761
"330",6,239,2.5,7,1.88333333333333,1.59833333333333,0,0,0.333333333333333,101183.666666667,24.36,82.24,-6.90775527898214,101148.666666667,35,3.55537663250983,3.27106631018859,2.55466944444444,6763.4176
"331",6,240,6.6,12.4,1.59333333333333,1.19833333333333,0,0,1,101376.833333333,23.135,92.4933333333333,-6.90775527898214,101307.833333333,69,4.23412099724586,4.10156592970235,1.43600277777778,8555.01671111111
"332",6,241,3,9.33333333333333,3.03,1.75333333333333,0,0,0.333333333333333,101545.666666667,21.4033333333333,88.2133333333333,-6.90775527898214,101516.833333333,28.833333333343,3.36156680674958,3.0664198499114,3.07417777777778,7781.59217777778
"333",6,242,4.5,7.8,2.11,1.52333333333333,0,0,0.166666666666667,100864.166666667,22.7516666666667,90.155,-6.90775527898214,100849.333333333,14.833333333343,2.69694431396274,2.45704391508041,2.32054444444444,8127.924025
"334",6,243,6.2,9.4,2.16333333333333,1.375,0,0,1.16666666666667,100338.666666667,22.4883333333333,86.6316666666667,-6.90775527898214,100289.666666667,49,3.89184070606565,3.65930571002297,1.890625,7505.04566944444
"335",6,244,4,6,2.505,1.72,0,0,-0.333333333333333,99945.3333333333,24.8633333333333,85.9733333333333,-6.90775527898214,99954.5,-9.16666666667152,NA,NA,2.9584,7391.41404444444
"336",6,245,3.5,14.6,5.165,2.82166666666667,0,0,1.33333333333333,100406.166666667,16.51,73.4533333333333,-6.90775527898214,100318.5,87.6666666666715,4.47355315028876,4.44233696378919,7.96180277777778,5395.39217777778
"337",6,246,4.5,16,2.79166666666667,1.78833333333333,0,0,0.666666666666667,101148.833333333,15.1983333333333,78.8116666666667,-6.90775527898214,101092.333333333,56.5,4.03425833711081,3.83721513940499,3.19813611111111,6211.27880277778
"338",6,247,1.66666666666667,9.4,2.41166666666667,1.6,0,0,0.333333333333333,101177.166666667,15.9016666666667,78.2466666666667,-6.90775527898214,101153.666666667,23.5,3.15704297343624,2.86432715799122,2.56,6122.54084444444
"339",6,248,3.25,10.6,3.65333333333333,2.15,0,0,0,100461.166666667,20.1566666666667,74.9416666666667,-6.90775527898214,100441.833333333,19.333333333343,2.9618824446791,2.68391596040024,4.6225,5616.25340277778
"340",6,249,3.33333333333333,3,3.34166666666667,2.06833333333333,0.32,760,1.16666666666667,100453.333333333,20.42,90.7016666666667,6.63331974906898,100383.166666667,70.166666666657,4.25088761613411,4.12455356866403,4.27800277777778,8226.79233611111
"341",6,250,3.8,16.6,1.93166666666667,1.545,0,0,0.833333333333333,100884.5,18.6233333333333,76.4633333333333,-6.90775527898214,100843.666666667,40.8333333333285,3.7095232308126,3.44353851382155,2.387025,5846.64134444445
"342",6,251,10.25,56.75,5.155,2.81,0,0,0,100509,20.9716666666667,86.8233333333333,-6.90775527898214,100516.166666667,-7.16666666667152,NA,NA,7.8961,7538.29121111111
"343",6,252,4,5.5,1.62166666666667,1.08666666666667,2.3515,984.666666666667,1.5,100208.5,20.2116666666667,91.55,6.8923041899948,100159.166666667,49.3333333333285,3.89862025516074,3.66758471043717,1.18084444444444,8381.4025
"344",6,256,15.25,28.25,4.26666666666667,2.90666666666667,0.05,50,-0.333333333333333,101221.166666667,21.9783333333333,77.065,3.91204300522815,101216.166666667,5,1.60963789243677,1.7099759466767,8.44871111111111,5939.014225
"345",6,257,20.75,31,1.46,1.09166666666667,0,0,0.5,101099.666666667,22.8216666666667,82.9816666666667,-6.90775527898214,101095,4.66666666667152,1.54065930370657,1.67109931165544,1.19173611111111,6885.95700277778
"346",6,258,15.5,28,5.105,2.88666666666667,0,0,0.5,100764.5,22.2783333333333,79.2316666666667,-6.90775527898214,100743.333333333,21.1666666666715,3.05247486020929,2.76620369343764,8.33284444444445,6277.65700277778
"347",6,259,14.5,7.75,3.57833333333333,2.05166666666667,0,0,0.833333333333333,101175.666666667,21.4833333333333,87.8966666666667,-6.90775527898214,101124.5,51.1666666666715,3.9351078221422,3.71246506055573,4.20933611111111,7725.82401111111
"348",6,260,27.8,18.6,3.77166666666667,1.93333333333333,0.006,11.8333333333333,0.833333333333333,101498.5,21.94,90.1016666666667,2.471004911285,101450.833333333,47.6666666666715,3.86425332039282,3.62580904124766,3.73777777777778,8118.31033611111
"349",6,261,12,11.6,1.67666666666667,1.23,0,0,0.166666666666667,101293.833333333,19.8033333333333,93.455,-6.90775527898214,101263.833333333,30,3.40123071443995,3.10723250595386,1.5129,8733.837025
"350",6,262,11.8,7,3.37333333333333,1.805,0,0,1,101397,20.8966666666667,83.6216666666667,-6.90775527898214,101328.166666667,68.8333333333285,4.23170265147242,4.09826087917373,3.258025,6992.58313611111
"351",6,263,18.4,9.6,1.555,1.23,0,0,1,101803.5,17.6966666666667,87.7816666666667,-6.90775527898214,101742,61.5,4.11905343484288,3.94722338648406,1.5129,7705.62100277778
"352",6,264,14.8,11.6,4.44833333333333,3.01,0,0,0.666666666666667,101823.166666667,20.0566666666667,82.375,-6.90775527898214,101797.666666667,25.5,3.23871766708174,2.94338265844167,9.0601,6785.640625
"353",6,265,47.8,40.2,4.78833333333333,2.75166666666667,0,0,-0.166666666666667,101081.833333333,22.915,88.8416666666667,-6.90775527898214,101111.5,-29.6666666666715,NA,NA,7.57166944444444,7892.84173611111
"354",6,266,50.3333333333333,1.33333333333333,7.49333333333333,3.96333333333333,3.58066666666667,2423.33333333333,0.333333333333333,100088,23.6733333333333,89.2183333333333,7.79289969451412,100073.666666667,14.3333333333285,2.66265759203334,2.42912054370701,15.7080111111111,7959.91100277778
"355",6,267,6,9.8,2.26166666666667,1.67666666666667,0,0,1,101156.5,12.8266666666667,74.94,-6.90775527898214,101108,48.5,3.88158441628758,3.64681651488434,2.81121111111111,5616.0036
"356",6,268,5.4,5.6,2.84166666666667,2.455,0,0,0.166666666666667,101118.666666667,14.02,69.2583333333333,-6.90775527898214,101095,23.6666666666715,3.16410984100188,2.87108267159375,6.027025,4796.71673611111
"357",6,269,16.8,20.2,3.68,2.335,0,0,1.16666666666667,100912.833333333,14.1816666666667,80.47,-6.90775527898214,100842.833333333,70,4.2485095276616,4.12128529980856,5.452225,6475.4209
"358",6,270,2,6.6,2.76833333333333,2.035,0,0,0.5,101137.833333333,15.0566666666667,72.7033333333333,-6.90775527898214,101110,27.8333333333285,3.32627027068684,3.03055199974598,4.141225,5285.77467777778
