no,date,time.gmt.400,Temp.F,RH.pct
1,2021-06-29,10:42,88.867,62.54
2,2021-06-29,10:42,,
3,2021-06-29,11:42,93.888,49.182
4,2021-06-29,12:42,95.587,46.471
5,2021-06-29,13:42,95.895,45.714
6,2021-06-29,14:42,94.582,46.545
7,2021-06-29,15:42,97.054,42.173
8,2021-06-29,16:42,97.903,40.635
9,2021-06-29,17:42,96.667,39.219
10,2021-06-29,18:42,94.815,44.42
11,2021-06-29,19:42,90.876,51.575
12,2021-06-29,20:42,77.207,84.249
13,2021-06-29,21:42,72.961,91.624
14,2021-06-29,22:42,71.107,93.016
15,2021-06-29,23:42,70.18,94.188
16,2021-06-30,0:42,69.717,95.043
17,2021-06-30,1:42,69.255,95.458
18,2021-06-30,2:42,67.788,95.726
19,2021-06-30,3:42,67.091,95.995
20,2021-06-30,4:42,66.319,96.288
21,2021-06-30,5:42,65.856,96.459
22,2021-06-30,6:42,69.177,96.532
23,2021-06-30,7:42,80.22,77.241
24,2021-06-30,8:42,86.706,60.049
25,2021-06-30,9:42,90.181,55.775
26,2021-06-30,10:42,92.188,50.354
27,2021-06-30,11:42,97.209,46.691
28,2021-06-30,12:42,96.127,46.764
29,2021-06-30,13:42,98.366,44.835
30,2021-06-30,14:42,97.362,42.906
31,2021-06-30,15:42,97.903,41.294
32,2021-06-30,16:42,98.753,39.976
33,2021-06-30,17:42,98.521,39.145
34,2021-06-30,18:42,92.961,51.209
35,2021-06-30,19:42,82.382,61.807
36,2021-06-30,20:42,75.045,78.413
37,2021-06-30,21:42,72.189,87.448
38,2021-06-30,22:42,71.029,91.648
39,2021-06-30,23:42,69.949,92.308
40,2021-07-01,0:42,68.173,94.286
41,2021-07-01,1:42,67.71,95.165
42,2021-07-01,2:42,67.091,95.653
43,2021-07-01,3:42,67.555,95.922
44,2021-07-01,4:42,67.401,96.142
45,2021-07-01,5:42,67.478,96.264
46,2021-07-01,6:42,69.64,96.508
47,2021-07-01,7:42,74.505,90.305
48,2021-07-01,8:42,76.744,86.96
49,2021-07-01,9:42,77.904,81.612
50,2021-07-01,10:42,82.15,72.332
51,2021-07-01,11:42,78.366,84.518
52,2021-07-01,12:42,83.694,75.995
53,2021-07-01,13:42,83.385,78.608
54,2021-07-01,14:42,79.678,77.827
55,2021-07-01,15:42,70.722,94.383
56,2021-07-01,16:42,72.806,95.14
57,2021-07-01,17:42,75.277,91.819
58,2021-07-01,18:42,74.737,92.332
59,2021-07-01,19:42,73.965,94.383
60,2021-07-01,20:42,73.038,93.748
61,2021-07-01,21:42,69.255,95.482
62,2021-07-01,22:42,69.255,96.166
63,2021-07-01,23:42,69.408,96.19
64,2021-07-02,0:42,69.485,96.435
65,2021-07-02,1:42,69.332,96.606
66,2021-07-02,2:42,68.868,96.679
67,2021-07-02,3:42,68.095,96.703
68,2021-07-02,4:42,67.863,96.825
69,2021-07-02,5:42,67.401,96.923
70,2021-07-02,6:42,67.246,97.045
71,2021-07-02,7:42,67.863,97.045
72,2021-07-02,8:42,68.713,96.288
73,2021-07-02,9:42,70.412,93.919
74,2021-07-02,10:42,72.343,90.598
75,2021-07-02,11:42,75.432,83.443
76,2021-07-02,12:42,76.822,77.973
77,2021-07-02,13:42,79.293,70.598
78,2021-07-02,14:42,79.138,65.25
79,2021-07-02,15:42,82.072,56.142
80,2021-07-02,16:42,80.451,48.327
81,2021-07-02,17:42,81.3,41.978
82,2021-07-02,18:42,79.293,40.122
83,2021-07-02,19:42,75.432,47.424
84,2021-07-02,20:42,65.394,73.675
85,2021-07-02,21:42,59.369,91.99
86,2021-07-02,22:42,57.594,94.383
87,2021-07-02,23:42,60.606,83.639
88,2021-07-03,0:42,56.127,94.945
89,2021-07-03,1:42,58.597,88.327
90,2021-07-03,2:42,58.521,87.179
91,2021-07-03,3:42,56.822,90.94
92,2021-07-03,4:42,56.203,92.039
93,2021-07-03,5:42,56.358,91.746
94,2021-07-03,6:42,60.141,85.934
95,2021-07-03,7:42,66.243,74.383
96,2021-07-03,8:42,70.412,68.767
97,2021-07-03,9:42,73.193,61.49
98,2021-07-03,10:42,72.266,63.858
99,2021-07-03,11:42,73.965,60.806
100,2021-07-03,12:42,76.204,61.49
101,2021-07-03,13:42,78.906,52.112
102,2021-07-03,14:42,75.585,58.632
103,2021-07-03,15:42,78.134,55.702
104,2021-07-03,16:42,78.751,51.306
105,2021-07-03,17:42,80.528,50.525
106,2021-07-03,18:42,75.432,52.918
107,2021-07-03,19:42,74.041,65.91
108,2021-07-03,20:42,67.168,85.031
109,2021-07-03,21:42,63.849,93.748
110,2021-07-03,22:42,62.69,94.042
111,2021-07-03,23:42,61.763,94.457
112,2021-07-04,0:42,60.141,95.946
113,2021-07-04,1:42,58.906,96.435
114,2021-07-04,2:42,56.667,96.63
115,2021-07-04,3:42,56.127,96.801
116,2021-07-04,4:42,55.278,96.508
117,2021-07-04,5:42,54.351,94.505
118,2021-07-04,6:42,57.672,94.554
119,2021-07-04,7:42,61.995,96.777
120,2021-07-04,8:42,71.107,80.879
121,2021-07-04,9:42,74.813,69.573
122,2021-07-04,10:42,79.833,63.346
123,2021-07-04,11:42,83.617,50.647
124,2021-07-04,12:42,83.926,46.691
125,2021-07-04,13:42,86.011,44.908
126,2021-07-04,14:42,83.154,49.377
127,2021-07-04,15:42,82.845,52.503
128,2021-07-04,16:42,87.246,45.104
129,2021-07-04,17:42,88.867,42.125
130,2021-07-04,18:42,87.093,47.961
131,2021-07-04,19:42,80.605,64.078
132,2021-07-04,20:42,69.408,88.645
133,2021-07-04,21:42,65.161,93.822
134,2021-07-04,22:42,63.307,95.238
135,2021-07-04,23:42,62.305,95.946
136,2021-07-05,0:42,61.3,96.337
137,2021-07-05,1:42,60.913,96.606
138,2021-07-05,2:42,59.911,96.777
139,2021-07-05,3:42,59.601,96.85
140,2021-07-05,4:42,59.061,96.923
141,2021-07-05,5:42,58.057,94.579
142,2021-07-05,6:42,61.146,94.628
143,2021-07-05,7:42,67.863,93.358
144,2021-07-05,8:42,79.293,70.965
145,2021-07-05,9:42,85.393,57.924
146,2021-07-05,10:42,87.015,51.184
147,2021-07-05,11:42,89.562,42.369
148,2021-07-05,12:42,90.104,46.496
149,2021-07-05,13:42,89.177,47.35
150,2021-07-05,14:42,91.494,44.078
151,2021-07-05,15:42,88.79,50.745
152,2021-07-05,16:42,89.022,49.402
153,2021-07-05,17:42,90.567,46.642
154,2021-07-05,18:42,88.637,52.063
155,2021-07-05,19:42,82.767,75.214
156,2021-07-05,20:42,72.266,90.94
157,2021-07-05,21:42,68.328,94.066
158,2021-07-05,22:42,67.015,95.385
159,2021-07-05,23:42,66.088,95.946
160,2021-07-06,0:42,65.394,96.313
161,2021-07-06,1:42,64.774,96.557
162,2021-07-06,2:42,64.234,96.777
163,2021-07-06,3:42,63.385,96.874
164,2021-07-06,4:42,63.23,96.947
165,2021-07-06,5:42,62.382,97.07
166,2021-07-06,6:42,65.316,97.045
167,2021-07-06,7:42,72.034,92.308
168,2021-07-06,8:42,82.612,69.768
169,2021-07-06,9:42,88.405,58.73
170,2021-07-06,10:42,91.184,55.995
171,2021-07-06,11:42,92.806,54.994
172,2021-07-06,12:42,94.428,51.111
173,2021-07-06,13:42,96.204,49.426
174,2021-07-06,14:42,96.359,45.739
175,2021-07-06,15:42,96.822,43.541
176,2021-07-06,16:42,96.976,43.785
177,2021-07-06,17:42,95.432,45.226
178,2021-07-06,18:42,93.348,49.011
179,2021-07-06,19:42,88.173,62.93
180,2021-07-06,20:42,79.911,79.927
181,2021-07-06,21:42,74.118,92.698
182,2021-07-06,22:42,72.729,94.359
183,2021-07-06,23:42,71.724,95.067
184,2021-07-07,0:42,73.038,93.04
185,2021-07-07,1:42,70.644,95.043
186,2021-07-07,2:42,69.408,95.702
187,2021-07-07,3:42,68.482,96.239
188,2021-07-07,4:42,67.941,96.606
189,2021-07-07,5:42,67.168,96.85
190,2021-07-07,6:42,68.945,97.021
191,2021-07-07,7:42,78.366,84.64
192,2021-07-07,8:42,86.088,66.813
193,2021-07-07,9:42,90.799,59.145
194,2021-07-07,10:42,94.968,54.701
195,2021-07-07,11:42,97.671,45.446
196,2021-07-07,12:42,96.822,45.397
197,2021-07-07,13:42,98.676,42.833
198,2021-07-07,14:42,98.753,43.297
199,2021-07-07,15:42,99.91,44.347
200,2021-07-07,16:42,89.717,47.766
201,2021-07-07,17:42,92.806,52.259
202,2021-07-07,18:42,85.548,68.205
203,2021-07-07,19:42,80.992,83.932
204,2021-07-07,20:42,77.054,91.209
205,2021-07-07,21:42,74.583,93.919
206,2021-07-07,22:42,72.883,95.018
207,2021-07-07,23:42,71.262,95.556
208,2021-07-08,0:42,69.795,96.117
209,2021-07-08,1:42,69.177,96.459
210,2021-07-08,2:42,69.949,96.752
211,2021-07-08,3:42,71.029,96.923
212,2021-07-08,4:42,70.952,96.996
213,2021-07-08,5:42,70.412,96.947
214,2021-07-08,6:42,71.029,96.728
215,2021-07-08,7:42,72.883,96.386
216,2021-07-08,8:42,77.439,89.426
217,2021-07-08,9:42,81.145,74.09
218,2021-07-08,10:42,88.018,60.586
219,2021-07-08,11:42,92.575,49.499
220,2021-07-08,12:42,90.799,54.31
221,2021-07-08,13:42,88.945,58.584
222,2021-07-08,14:42,88.56,59.512
223,2021-07-08,15:42,77.284,83.37
224,2021-07-08,16:42,73.346,92.918
225,2021-07-08,17:42,76.282,88.205
226,2021-07-08,18:42,77.131,84.42
227,2021-07-08,19:42,74.813,93.26
228,2021-07-08,20:42,70.799,91.136
229,2021-07-08,21:42,69.485,94.53
230,2021-07-08,22:42,69.255,95.214
231,2021-07-08,23:42,69.332,94.75
232,2021-07-09,0:42,69.485,93.748
233,2021-07-09,1:42,68.713,95.238
234,2021-07-09,2:42,68.868,95.726
235,2021-07-09,3:42,68.405,95.849
236,2021-07-09,4:42,67.246,96.068
237,2021-07-09,5:42,67.323,96.679
238,2021-07-09,6:42,68.713,96.654
239,2021-07-09,7:42,72.806,91.062
240,2021-07-09,8:42,76.899,83.883
241,2021-07-09,9:42,81.532,73.822
242,2021-07-09,10:42,85.701,65.421
243,2021-07-09,11:42,84.621,66.618
244,2021-07-09,12:42,86.473,66.178
245,2021-07-09,13:42,89.487,58.657
246,2021-07-09,14:42,90.644,56.313
247,2021-07-09,15:42,87.323,60.122
248,2021-07-09,16:42,78.521,79.902
249,2021-07-09,17:42,86.011,65.983
250,2021-07-09,18:42,86.32,64.664
251,2021-07-09,19:42,80.296,75.507
252,2021-07-09,20:42,75.585,84.469
253,2021-07-09,21:42,71.802,91.16
254,2021-07-09,22:42,69.64,94.115
255,2021-07-09,23:42,68.713,94.921
256,2021-07-10,0:42,68.79,95.629
257,2021-07-10,1:42,68.945,90.672
258,2021-07-10,2:42,68.482,86.007
259,2021-07-10,3:42,68.635,82.442
260,2021-07-10,4:42,63.849,93.748
261,2021-07-10,5:42,61.84,95.409
262,2021-07-10,6:42,64.389,95.751
263,2021-07-10,7:42,68.945,76.899
264,2021-07-10,8:42,73.423,67.546
265,2021-07-10,9:42,75.895,65.079
266,2021-07-10,10:42,77.517,63.516
267,2021-07-10,11:42,80.683,57.998
268,2021-07-10,12:42,82.612,55.8
269,2021-07-10,13:42,85.856,52.137
270,2021-07-10,14:42,85.239,47.766
271,2021-07-10,15:42,85.006,51.306
272,2021-07-10,16:42,82.15,54.115
273,2021-07-10,17:42,85.779,49.084
274,2021-07-10,18:42,79.756,69.133
275,2021-07-10,19:42,75.123,76.972
276,2021-07-10,20:42,70.18,91.6
277,2021-07-10,21:42,68.482,93.968
278,2021-07-10,22:42,67.091,94.823
279,2021-07-10,23:42,67.091,95.58
280,2021-07-11,0:42,67.71,95.873
281,2021-07-11,1:42,68.328,95.507
282,2021-07-11,2:42,66.938,95.897
283,2021-07-11,3:42,67.863,96.19
284,2021-07-11,4:42,67.863,96.264
285,2021-07-11,5:42,67.863,96.361
286,2021-07-11,6:42,69.717,94.725
287,2021-07-11,7:42,71.879,91.526
288,2021-07-11,8:42,76.977,80.317
289,2021-07-11,9:42,81.145,71.6
290,2021-07-11,10:42,84.544,67.473
291,2021-07-11,11:42,87.633,63.394
292,2021-07-11,12:42,91.184,57.216
293,2021-07-11,13:42,93.038,52.479
294,2021-07-11,14:42,92.728,53.651
295,2021-07-11,15:42,90.644,56.947
296,2021-07-11,16:42,92.806,54.628
297,2021-07-11,17:42,89.409,65.006
298,2021-07-11,18:42,88.945,64.982
299,2021-07-11,19:42,85.471,72.821
300,2021-07-11,20:42,80.296,84.029
301,2021-07-11,21:42,76.435,92.894
302,2021-07-11,22:42,75.663,92.674
303,2021-07-11,23:42,73.501,95.507
304,2021-07-12,0:42,73.656,94.017
305,2021-07-12,1:42,75.355,90.305
306,2021-07-12,2:42,71.262,95.189
307,2021-07-12,3:42,71.649,94.921
308,2021-07-12,4:42,70.644,95.775
309,2021-07-12,5:42,69.64,96.386
310,2021-07-12,6:42,71.184,96.777
311,2021-07-12,7:42,76.822,91.966
312,2021-07-12,8:42,81.918,79.878
313,2021-07-12,9:42,87.093,70.134
314,2021-07-12,10:42,89.949,64.029
315,2021-07-12,11:42,91.956,59.194
316,2021-07-12,12:42,94.505,55.873
317,2021-07-12,13:42,97.131,49.158
318,2021-07-12,14:42,95.509,51.404
319,2021-07-12,15:42,96.436,49.133
320,2021-07-12,16:42,94.968,51.404
321,2021-07-12,17:42,87.865,66.252
322,2021-07-12,18:42,73.038,90.281
323,2021-07-12,19:42,75.355,93.138
324,2021-07-12,20:42,73.038,95.263
325,2021-07-12,21:42,74.273,96.166
326,2021-07-12,22:42,74.968,95.58
327,2021-07-12,23:42,73.578,95.971
328,2021-07-13,0:42,72.034,96.63
329,2021-07-13,1:42,71.571,96.972
330,2021-07-13,2:42,70.567,97.192
331,2021-07-13,3:42,71.184,97.167
332,2021-07-13,4:42,69.872,97.216
333,2021-07-13,5:42,69.255,97.314
334,2021-07-13,6:42,71.262,96.996
335,2021-07-13,7:42,78.521,93.382
336,2021-07-13,8:42,82.845,86.154
337,2021-07-13,9:42,86.473,79.219
338,2021-07-13,10:42,90.334,69.255
339,2021-07-13,11:42,92.575,60.024
340,2021-07-13,12:42,95.2,54.042
341,2021-07-13,13:42,94.505,55.678
342,2021-07-13,14:42,93.655,56.752
343,2021-07-13,15:42,95.817,47.643
344,2021-07-13,16:42,95.432,51.355
345,2021-07-13,17:42,94.042,52.772
346,2021-07-13,18:42,89.332,57.436
347,2021-07-13,19:42,89.332,51.355
348,2021-07-13,20:42,81.765,66.129
349,2021-07-13,21:42,73.81,91.429
350,2021-07-13,22:42,71.879,94.579
351,2021-07-13,23:42,71.724,95.604
352,2021-07-14,0:42,72.266,95.726
353,2021-07-14,1:42,72.266,96.166
354,2021-07-14,2:42,72.343,96.313
355,2021-07-14,3:42,70.335,96.142
356,2021-07-14,4:42,68.56,96.581
357,2021-07-14,5:42,67.401,96.923
358,2021-07-14,6:42,69.408,97.143
359,2021-07-14,7:42,80.296,81.758
360,2021-07-14,8:42,86.32,66.374
361,2021-07-14,9:42,89.177,58.486
362,2021-07-14,10:42,90.489,48.694
363,2021-07-14,11:42,92.498,45.714
364,2021-07-14,12:42,93.655,44.86
365,2021-07-14,13:42,90.644,49.89
366,2021-07-14,14:42,90.181,52.869
367,2021-07-14,15:42,93.193,47.692
368,2021-07-14,16:42,86.86,57.631
369,2021-07-14,17:42,81.61,76.703
370,2021-07-14,18:42,87.4,57.485
371,2021-07-14,19:42,84.466,60.733
372,2021-07-14,20:42,78.134,75.995
373,2021-07-14,21:42,75.663,80.928
374,2021-07-14,22:42,70.876,92.186
375,2021-07-14,23:42,68.56,95.043
376,2021-07-15,0:42,67.941,95.726
377,2021-07-15,1:42,67.941,96.166
378,2021-07-15,2:42,66.628,96.435
379,2021-07-15,3:42,65.701,96.703
380,2021-07-15,4:42,65.007,96.947
381,2021-07-15,5:42,64.157,97.07
382,2021-07-15,6:42,66.628,97.216
383,2021-07-15,7:42,74.273,90.183
384,2021-07-15,8:42,82.845,71.99
385,2021-07-15,9:42,88.56,62.491
386,2021-07-15,10:42,90.876,56.264
387,2021-07-15,11:42,93.81,49.866
388,2021-07-15,12:42,94.273,51.551
389,2021-07-15,13:42,94.968,51.624
390,2021-07-15,14:42,95.509,43.272
391,2021-07-15,15:42,94.12,44.225
392,2021-07-15,16:42,94.66,43.834
393,2021-07-15,17:42,95.972,45.983
394,2021-07-15,18:42,92.421,56.215
395,2021-07-15,19:42,84.776,72.479
396,2021-07-15,20:42,79.601,85.201
397,2021-07-15,21:42,74.041,94.066
398,2021-07-15,22:42,74.813,94.701
399,2021-07-15,23:42,73.656,95.165
400,2021-07-16,0:42,71.571,96.093
401,2021-07-16,1:42,70.799,96.337
402,2021-07-16,2:42,69.408,96.508
403,2021-07-16,3:42,68.25,96.777
404,2021-07-16,4:42,66.861,96.996
405,2021-07-16,5:42,65.701,97.216
406,2021-07-16,6:42,67.401,97.363
407,2021-07-16,7:42,76.667,88.62
408,2021-07-16,8:42,86.706,65.812
409,2021-07-16,9:42,89.717,56.923
410,2021-07-16,10:42,91.494,52.967
411,2021-07-16,11:42,94.815,50.867
412,2021-07-16,12:42,94.505,47.424
413,2021-07-16,13:42,93.27,50.672
414,2021-07-16,14:42,95.895,44.835
415,2021-07-16,15:42,94.042,43.297
416,2021-07-16,16:42,96.282,43.004
417,2021-07-16,17:42,96.127,41.245
418,2021-07-16,18:42,93.888,54.237
419,2021-07-16,19:42,87.17,68.181
420,2021-07-16,20:42,75.663,91.38
421,2021-07-16,21:42,72.496,94.09
422,2021-07-16,22:42,71.029,95.409
423,2021-07-16,23:42,70.104,95.922
424,2021-07-17,0:42,69.795,96.19
425,2021-07-17,1:42,70.489,96.264
426,2021-07-17,2:42,69.717,96.459
427,2021-07-17,3:42,68.635,96.581
428,2021-07-17,4:42,67.941,96.801
429,2021-07-17,5:42,67.555,97.021
430,2021-07-17,6:42,69.562,97.216
431,2021-07-17,7:42,78.211,84.689
432,2021-07-17,8:42,85.548,70.745
433,2021-07-17,9:42,89.949,60.879
434,2021-07-17,10:42,92.806,58.315
435,2021-07-17,11:42,94.968,52.308
436,2021-07-17,12:42,98.134,47.179
437,2021-07-17,13:42,93.038,55.751
438,2021-07-17,14:42,76.282,91.429
439,2021-07-17,15:42,77.826,93.065
440,2021-07-17,16:42,74.89,93.944
441,2021-07-17,17:42,74.813,95.653
442,2021-07-17,18:42,76.744,93.04
443,2021-07-17,19:42,75.663,94.969
444,2021-07-17,20:42,70.644,95.653
445,2021-07-17,21:42,70.18,96.288
446,2021-07-17,22:42,70.412,96.752
447,2021-07-17,23:42,70.18,96.923
448,2021-07-18,0:42,69.562,96.996
449,2021-07-18,1:42,69.408,97.241
450,2021-07-18,2:42,69.795,97.363
451,2021-07-18,3:42,70.567,97.436
452,2021-07-18,4:42,70.876,96.728
453,2021-07-18,5:42,68.868,96.239
454,2021-07-18,6:42,68.635,93.993
455,2021-07-18,7:42,70.412,86.789
456,2021-07-18,8:42,72.806,81.074
457,2021-07-18,9:42,76.435,68.718
458,2021-07-18,10:42,77.362,65.397
459,2021-07-18,11:42,77.749,64.005
460,2021-07-18,12:42,80.296,61.685
461,2021-07-18,13:42,81.068,60.342
462,2021-07-18,14:42,78.984,61.832
463,2021-07-18,15:42,78.057,63.126
464,2021-07-18,16:42,75.74,67.595
465,2021-07-18,17:42,77.054,66.667
466,2021-07-18,18:42,76.899,66.178
467,2021-07-18,19:42,74.737,77.485
468,2021-07-18,20:42,68.095,90.501
469,2021-07-18,21:42,65.547,95.238
470,2021-07-18,22:42,65.084,95.824
471,2021-07-18,23:42,64.157,96.239
472,2021-07-19,0:42,64.157,96.63
473,2021-07-19,1:42,64.312,96.85
474,2021-07-19,2:42,63.462,97.07
475,2021-07-19,3:42,61.378,97.241
476,2021-07-19,4:42,60.606,97.387
477,2021-07-19,5:42,60.528,97.485
478,2021-07-19,6:42,61.068,94.725
479,2021-07-19,7:42,65.007,94.725
480,2021-07-19,8:42,70.876,93.138
481,2021-07-19,9:42,78.598,70.891
482,2021-07-19,10:42,81.61,62.125
483,2021-07-19,11:42,83.154,59.902
484,2021-07-19,12:42,87.015,55.14
485,2021-07-19,13:42,88.714,53.284
486,2021-07-19,14:42,89.332,53.382
487,2021-07-19,15:42,89.409,52.186
488,2021-07-19,16:42,88.173,51.77
489,2021-07-19,17:42,88.637,53.114
490,2021-07-19,18:42,86.243,59.512
491,2021-07-19,19:42,78.906,77.778
492,2021-07-19,20:42,71.029,92.625
493,2021-07-19,21:42,68.482,95.018
494,2021-07-19,22:42,66.474,95.751
495,2021-07-19,23:42,65.624,96.386
496,2021-07-20,0:42,65.007,96.728
497,2021-07-20,1:42,64.312,96.972
498,2021-07-20,2:42,63.23,97.118
499,2021-07-20,3:42,62.382,97.118
500,2021-07-20,4:42,61.763,97.216
501,2021-07-20,5:42,61.3,97.216
502,2021-07-20,6:42,62.535,94.774
503,2021-07-20,7:42,68.79,94.725
504,2021-07-20,8:42,78.829,78.584
505,2021-07-20,9:42,83.154,62.784
506,2021-07-20,10:42,87.942,58.657
507,2021-07-20,11:42,91.107,51.941
508,2021-07-20,12:42,91.339,49.304
509,2021-07-20,13:42,91.726,48.425
510,2021-07-20,14:42,91.571,47.839
511,2021-07-20,15:42,92.806,47.253
512,2021-07-20,16:42,92.961,46.789
513,2021-07-20,17:42,92.651,49.792
514,2021-07-20,18:42,88.79,57.045
515,2021-07-20,19:42,80.296,77.9
516,2021-07-20,20:42,70.489,92.601
517,2021-07-20,21:42,66.938,94.969
518,2021-07-20,22:42,66.166,95.922
519,2021-07-20,23:42,65.316,96.386
520,2021-07-21,0:42,65.007,96.679
521,2021-07-21,1:42,64.389,96.899
522,2021-07-21,2:42,64.002,97.021
523,2021-07-21,3:42,63.849,97.118
524,2021-07-21,4:42,63.23,97.289
525,2021-07-21,5:42,63.54,97.289
526,2021-07-21,6:42,64.157,97.387
527,2021-07-21,7:42,69.485,97.436
528,2021-07-21,8:42,79.756,75.726
529,2021-07-21,9:42,83.617,64.957
530,2021-07-21,10:42,88.173,56.166
531,2021-07-21,11:42,87.942,60.757
532,2021-07-21,12:42,90.334,51.013
533,2021-07-21,13:42,90.104,52.137
534,2021-07-21,14:42,85.471,54.164
535,2021-07-21,15:42,72.189,92.43
536,2021-07-21,16:42,80.22,80.781
537,2021-07-21,17:42,84.234,67.033
538,2021-07-21,18:42,84.466,65.153
539,2021-07-21,19:42,77.826,80.562
540,2021-07-21,20:42,71.029,81.172
541,2021-07-21,21:42,67.246,88.987
542,2021-07-21,22:42,64.002,94.823
543,2021-07-21,23:42,62.382,95.897
544,2021-07-22,0:42,60.838,96.435
545,2021-07-22,1:42,59.446,96.703
546,2021-07-22,2:42,58.289,96.777
547,2021-07-22,3:42,57.825,96.166
548,2021-07-22,4:42,56.28,94.505
549,2021-07-22,5:42,54.736,94.652
550,2021-07-22,6:42,55.508,94.725
551,2021-07-22,7:42,63.077,94.652
552,2021-07-22,8:42,70.104,76.264
553,2021-07-22,9:42,74.35,59.951
554,2021-07-22,10:42,79.601,53.455
555,2021-07-22,11:42,81.3,46.642
556,2021-07-22,12:42,80.76,45.91
557,2021-07-22,13:42,81.068,47.521
558,2021-07-22,14:42,80.451,44.713
559,2021-07-22,15:42,81.532,46.813
560,2021-07-22,16:42,83.462,42.051
561,2021-07-22,17:42,84.234,41.416
562,2021-07-22,18:42,84.081,44.567
563,2021-07-22,19:42,75.045,70.696
564,2021-07-22,20:42,62.922,91.77
565,2021-07-22,21:42,59.756,94.896
566,2021-07-22,22:42,58.134,95.922
567,2021-07-22,23:42,57.439,96.484
568,2021-07-23,0:42,56.512,96.728
569,2021-07-23,1:42,56.05,96.825
570,2021-07-23,2:42,55.818,97.021
571,2021-07-23,3:42,55.508,96.752
572,2021-07-23,4:42,55.74,94.725
573,2021-07-23,5:42,56.512,94.799
574,2021-07-23,6:42,57.672,94.896
575,2021-07-23,7:42,61.223,94.872
576,2021-07-23,8:42,67.246,89.939
577,2021-07-23,9:42,77.826,51.624
578,2021-07-23,10:42,80.143,52.747
579,2021-07-23,11:42,83.077,41.978
580,2021-07-23,12:42,85.471,41.441
581,2021-07-23,13:42,85.856,38.73
582,2021-07-23,14:42,85.933,36.679
583,2021-07-23,15:42,84.312,36.947
584,2021-07-23,16:42,85.161,38.852
585,2021-07-23,17:42,86.473,37.387
586,2021-07-23,18:42,82.922,43.785
587,2021-07-23,19:42,75.045,64.029
588,2021-07-23,20:42,63.54,91.331
589,2021-07-23,21:42,60.141,94.53
590,2021-07-23,22:42,59.216,95.726
591,2021-07-23,23:42,57.439,96.288
592,2021-07-24,0:42,58.212,96.581
593,2021-07-24,1:42,56.745,96.825
594,2021-07-24,2:42,56.05,96.874
595,2021-07-24,3:42,56.127,97.045
596,2021-07-24,4:42,55.045,97.216
597,2021-07-24,5:42,53.886,97.07
598,2021-07-24,6:42,55.74,96.874
599,2021-07-24,7:42,61.146,94.896
600,2021-07-24,8:42,73.81,75.36
601,2021-07-24,9:42,82.459,61.294
602,2021-07-24,10:42,84.929,46.545
603,2021-07-24,11:42,85.006,47.326
604,2021-07-24,12:42,87.865,44.518
605,2021-07-24,13:42,88.482,42.613
606,2021-07-24,14:42,86.011,47.302
607,2021-07-24,15:42,87.555,46.154
608,2021-07-24,16:42,85.084,50.598
609,2021-07-24,17:42,83.926,52.796
610,2021-07-24,18:42,79.988,59.951
611,2021-07-24,19:42,77.826,64.103
612,2021-07-24,20:42,75.585,69.719
613,2021-07-24,21:42,73.423,77.411
614,2021-07-24,22:42,73.116,80.293
615,2021-07-24,23:42,72.496,76.215
616,2021-07-25,0:42,71.262,79.487
617,2021-07-25,1:42,68.482,89.451
618,2021-07-25,2:42,72.189,81.758
619,2021-07-25,3:42,71.571,82.906
620,2021-07-25,4:42,71.107,83.883
621,2021-07-25,5:42,68.635,90.379
622,2021-07-25,6:42,68.868,91.282
623,2021-07-25,7:42,71.339,87.79
624,2021-07-25,8:42,74.35,83.59
625,2021-07-25,9:42,81.61,72.43
626,2021-07-25,10:42,86.86,63.199
627,2021-07-25,11:42,88.405,63.15
628,2021-07-25,12:42,90.259,55.751
629,2021-07-25,13:42,91.416,54.286
630,2021-07-25,14:42,90.027,60.855
631,2021-07-25,15:42,93.193,54.652
632,2021-07-25,16:42,92.266,54.652
633,2021-07-25,17:42,91.879,56.654
634,2021-07-25,18:42,88.405,64.2
635,2021-07-25,19:42,84.081,70.549
636,2021-07-25,20:42,75.895,88.694
637,2021-07-25,21:42,75.355,88.791
638,2021-07-25,22:42,73.038,93.578
639,2021-07-25,23:42,77.362,85.788
640,2021-07-26,0:42,72.574,94.139
641,2021-07-26,1:42,69.949,95.238
642,2021-07-26,2:42,68.945,95.873
643,2021-07-26,3:42,67.788,96.215
644,2021-07-26,4:42,66.706,96.459
645,2021-07-26,5:42,65.547,96.63
646,2021-07-26,6:42,66.706,96.459
647,2021-07-26,7:42,73.888,96.068
648,2021-07-26,8:42,81.61,76.361
649,2021-07-26,9:42,89.254,63.932
650,2021-07-26,10:42,87.246,65.177
651,2021-07-26,11:42,88.482,59.365
652,2021-07-26,12:42,90.259,59.121
653,2021-07-26,13:42,92.883,54.066
654,2021-07-26,14:42,94.12,50.818
655,2021-07-26,15:42,92.806,47.375
656,2021-07-26,16:42,95.587,45.006
657,2021-07-26,17:42,86.628,67.253
658,2021-07-26,18:42,76.204,85.763
659,2021-07-26,19:42,76.05,87.253
660,2021-07-26,20:42,71.262,93.944
661,2021-07-26,21:42,69.949,95.531
662,2021-07-26,22:42,69.408,95.995
663,2021-07-26,23:42,68.713,96.19
664,2021-07-27,0:42,66.474,96.532
665,2021-07-27,1:42,65.316,96.703
666,2021-07-27,2:42,64.234,96.874
667,2021-07-27,3:42,62.922,96.85
668,2021-07-27,4:42,62.382,96.874
669,2021-07-27,5:42,61.3,96.752
670,2021-07-27,6:42,62.382,94.75
671,2021-07-27,7:42,71.494,94.725
672,2021-07-27,8:42,81.455,77.265
673,2021-07-27,9:42,86.86,59.487
674,2021-07-27,10:42,91.494,53.382
675,2021-07-27,11:42,92.961,43.272
676,2021-07-27,12:42,93.038,40.586
677,2021-07-27,13:42,94.042,41.49
678,2021-07-27,14:42,94.505,40.293
679,2021-07-27,15:42,92.883,38.73
680,2021-07-27,16:42,93.115,36.947
681,2021-07-27,17:42,93.27,33.797
682,2021-07-27,18:42,90.027,53.748
683,2021-07-27,19:42,78.906,74.628
684,2021-07-27,20:42,68.56,92.039
685,2021-07-27,21:42,65.701,94.335
686,2021-07-27,22:42,64.544,95.604
687,2021-07-27,23:42,64.157,96.117
688,2021-07-28,0:42,63,96.361
689,2021-07-28,1:42,62.845,96.606
690,2021-07-28,2:42,61.84,96.801
691,2021-07-28,3:42,61.068,96.947
692,2021-07-28,4:42,60.913,96.996
693,2021-07-28,5:42,60.76,97.07
694,2021-07-28,6:42,61.686,97.143
695,2021-07-28,7:42,70.489,94.945
696,2021-07-28,8:42,80.605,73.382
697,2021-07-28,9:42,85.933,57.021
698,2021-07-28,10:42,89.1,50.33
699,2021-07-28,11:42,90.181,48.938
700,2021-07-28,12:42,89.872,47.399
701,2021-07-28,13:42,91.571,45.543
702,2021-07-28,14:42,91.879,45.958
703,2021-07-28,15:42,90.954,47.863
704,2021-07-28,16:42,91.339,46.398
705,2021-07-28,17:42,91.416,46.276
706,2021-07-28,18:42,91.261,48.816
707,2021-07-28,19:42,78.134,78.168
708,2021-07-28,20:42,73.038,86.374
709,2021-07-28,21:42,72.883,89.402
710,2021-07-28,22:42,70.644,92.332
711,2021-07-28,23:42,68.945,94.066
712,2021-07-29,0:42,70.799,94.359
713,2021-07-29,1:42,70.257,95.263
714,2021-07-29,2:42,68.25,96.166
715,2021-07-29,3:42,68.868,96.508
716,2021-07-29,4:42,68.868,96.703
717,2021-07-29,5:42,67.168,96.825
718,2021-07-29,6:42,68.79,96.923
719,2021-07-29,7:42,71.416,96.972
720,2021-07-29,8:42,77.207,88.205
721,2021-07-29,9:42,79.524,80.757
722,2021-07-29,10:42,83.077,74.408
723,2021-07-29,11:42,85.933,66.935
724,2021-07-29,12:42,85.701,66.886
725,2021-07-29,13:42,86.628,63.59
726,2021-07-29,14:42,88.405,60.904
727,2021-07-29,15:42,86.938,65.177
728,2021-07-29,16:42,82.459,73.016
729,2021-07-29,17:42,76.204,87.497
730,2021-07-29,18:42,76.435,88.01
731,2021-07-29,19:42,73.81,92.039
732,2021-07-29,20:42,69.949,95.092
733,2021-07-29,21:42,69.255,96.142
734,2021-07-29,22:42,68.173,96.435
735,2021-07-29,23:42,68.56,96.508
736,2021-07-30,0:42,67.478,96.679
737,2021-07-30,1:42,67.015,96.752
738,2021-07-30,2:42,66.628,96.85
739,2021-07-30,3:42,67.401,96.313
740,2021-07-30,4:42,66.706,94.652
741,2021-07-30,5:42,66.319,94.774
742,2021-07-30,6:42,66.474,94.823
743,2021-07-30,7:42,74.66,92.747
744,2021-07-30,8:42,81.145,73.748
745,2021-07-30,9:42,82.999,65.592
746,2021-07-30,10:42,85.316,58.559
747,2021-07-30,11:42,88.79,52.845
748,2021-07-30,12:42,86.86,49.084
749,2021-07-30,13:42,87.555,47.595
750,2021-07-30,14:42,87.633,45.177
751,2021-07-30,15:42,85.548,45.617
752,2021-07-30,16:42,88.327,40.391
753,2021-07-30,17:42,83.232,46.496
754,2021-07-30,18:42,86.011,40.708
755,2021-07-30,19:42,77.826,59.463
756,2021-07-30,20:42,65.779,89.597
757,2021-07-30,21:42,62.69,93.993
758,2021-07-30,22:42,60.913,95.507
759,2021-07-30,23:42,60.296,96.19
760,2021-07-31,0:42,58.829,96.435
761,2021-07-31,1:42,57.285,96.532
762,2021-07-31,2:42,57.207,96.703
763,2021-07-31,3:42,56.203,96.361
764,2021-07-31,4:42,55.508,94.774
765,2021-07-31,5:42,56.435,94.847
766,2021-07-31,6:42,58.134,94.921
767,2021-07-31,7:42,60.066,94.945
768,2021-07-31,8:42,65.084,86.545
769,2021-07-31,9:42,69.485,66.422
770,2021-07-31,10:42,74.89,54.359
771,2021-07-31,11:42,79.061,46.056
772,2021-07-31,12:42,80.76,49.426
773,2021-07-31,13:42,81.61,46.838
774,2021-07-31,14:42,82.305,49.597
775,2021-07-31,15:42,82.459,47.717
776,2021-07-31,16:42,81.687,50.427
777,2021-07-31,17:42,79.988,53.895
778,2021-07-31,18:42,77.749,63.346
779,2021-07-31,19:42,72.111,82.906
780,2021-07-31,20:42,66.551,91.746
781,2021-07-31,21:42,65.701,93.724
782,2021-07-31,22:42,65.084,94.554
783,2021-07-31,23:42,64.002,95.14
784,2021-08-01,0:42,61.763,95.824
785,2021-08-01,1:42,62.613,96.386
786,2021-08-01,2:42,63.385,96.532
787,2021-08-01,3:42,63.23,96.606
788,2021-08-01,4:42,63.694,96.654
789,2021-08-01,5:42,64.621,96.654
790,2021-08-01,6:42,66.474,95.458
791,2021-08-01,7:42,69.177,92.283
792,2021-08-01,8:42,71.879,88.889
793,2021-08-01,9:42,75.817,77.827
794,2021-08-01,10:42,73.423,83.98
795,2021-08-01,11:42,71.724,89.402
796,2021-08-01,12:42,70.722,93.895
797,2021-08-01,13:42,70.799,94.31
798,2021-08-01,14:42,73.733,90.134
799,2021-08-01,15:42,77.131,82.344
800,2021-08-01,16:42,75.895,85.397
801,2021-08-01,17:42,80.992,71.453
802,2021-08-01,18:42,80.22,73.529
803,2021-08-01,19:42,72.496,89.451
804,2021-08-01,20:42,70.335,95.238
805,2021-08-01,21:42,68.25,94.701
806,2021-08-01,22:42,66.319,96.02
807,2021-08-01,23:42,63,96.337
808,2021-08-02,0:42,60.528,96.777
809,2021-08-02,1:42,58.521,96.752
810,2021-08-02,2:42,57.362,96.825
811,2021-08-02,3:42,56.667,94.725
812,2021-08-02,4:42,54.736,94.896
813,2021-08-02,5:42,54.273,94.969
814,2021-08-02,6:42,53.733,95.043
815,2021-08-02,7:42,62.613,94.945
816,2021-08-02,8:42,68.635,87.057
817,2021-08-02,9:42,72.574,70.94
818,2021-08-02,10:42,74.428,64.444
819,2021-08-02,11:42,78.984,59.536
820,2021-08-02,12:42,79.756,57.509
821,2021-08-02,13:42,81.223,51.746
822,2021-08-02,14:42,80.296,53.284
823,2021-08-02,15:42,77.517,54.164
824,2021-08-02,16:42,77.362,54.237
825,2021-08-02,17:42,82.382,44.078
826,2021-08-02,18:42,80.76,47.595
827,2021-08-02,19:42,71.724,69.353
828,2021-08-02,20:42,60.451,93.48
829,2021-08-02,21:42,58.289,95.507
830,2021-08-02,22:42,56.512,96.02
831,2021-08-02,23:42,55.278,96.166
832,2021-08-03,0:42,54.583,96.484
833,2021-08-03,1:42,54.351,95.702
834,2021-08-03,2:42,54.041,94.676
835,2021-08-03,3:42,54.736,94.823
836,2021-08-03,4:42,55.123,94.921
837,2021-08-03,5:42,55.818,94.969
838,2021-08-03,6:42,56.358,95.043
839,2021-08-03,7:42,59.524,95.018
840,2021-08-03,8:42,64.621,95.067
841,2021-08-03,9:42,68.405,90.525
842,2021-08-03,10:42,73.965,73.333
843,2021-08-03,11:42,75.74,63.468
844,2021-08-03,12:42,78.829,59.243
845,2021-08-03,13:42,83.385,52.576
846,2021-08-03,14:42,82.69,44.786
847,2021-08-03,15:42,81.918,44.005
848,2021-08-03,16:42,83.849,44.762
849,2021-08-03,17:42,78.289,53.553
850,2021-08-03,18:42,74.737,65.934
851,2021-08-03,19:42,73.81,67.937
852,2021-08-03,20:42,64.08,91.624
853,2021-08-03,21:42,61.455,94.969
854,2021-08-03,22:42,59.369,95.8
855,2021-08-03,23:42,57.672,96.239
856,2021-08-04,0:42,56.512,96.386
857,2021-08-04,1:42,55.972,96.484
858,2021-08-04,2:42,56.358,96.654
859,2021-08-04,3:42,57.13,94.652
860,2021-08-04,4:42,56.899,94.799
861,2021-08-04,5:42,56.745,94.872
862,2021-08-04,6:42,57.285,94.969
863,2021-08-04,7:42,59.833,94.994
864,2021-08-04,8:42,63.927,94.921
865,2021-08-04,9:42,66.396,94.921
866,2021-08-04,10:42,70.489,75.726
867,2021-08-04,11:42,75.2,61.441
868,2021-08-04,12:42,80.605,50.623
869,2021-08-04,13:42,82.15,51.233
870,2021-08-04,14:42,82.227,45.348
871,2021-08-04,15:42,81.84,47.839
872,2021-08-04,16:42,83.385,44.762
873,2021-08-04,17:42,83.617,42.833
874,2021-08-04,18:42,81.455,48.132
875,2021-08-04,19:42,72.034,75.214
876,2021-08-04,20:42,61.995,92.674
877,2021-08-04,21:42,59.139,95.067
878,2021-08-04,22:42,57.672,95.946
879,2021-08-04,23:42,55.972,96.264
880,2021-08-05,0:42,55.355,96.41
881,2021-08-05,1:42,54.196,96.606
882,2021-08-05,2:42,53.424,96.777
883,2021-08-05,3:42,52.651,96.41
884,2021-08-05,4:42,52.419,94.872
885,2021-08-05,5:42,51.494,94.945
886,2021-08-05,6:42,52.111,95.067
887,2021-08-05,7:42,62.15,94.945
888,2021-08-05,8:42,72.574,78.73
889,2021-08-05,9:42,80.22,62.466
890,2021-08-05,10:42,84.466,49.866
891,2021-08-05,11:42,86.243,43.956
892,2021-08-05,12:42,87.015,42.125
893,2021-08-05,13:42,87.17,44.078
894,2021-08-05,14:42,87.323,42.32
895,2021-08-05,15:42,86.398,43.98
896,2021-08-05,16:42,89.254,42.149
897,2021-08-05,17:42,89.022,39.389
898,2021-08-05,18:42,86.243,50.403
899,2021-08-05,19:42,73.965,80.952
900,2021-08-05,20:42,66.243,91.697
901,2021-08-05,21:42,63.462,94.579
902,2021-08-05,22:42,61.995,95.604
903,2021-08-05,23:42,60.913,96.02
904,2021-08-06,0:42,60.296,96.093
905,2021-08-06,1:42,58.829,96.337
906,2021-08-06,2:42,58.057,96.532
907,2021-08-06,3:42,57.362,96.606
908,2021-08-06,4:42,56.59,96.728
909,2021-08-06,5:42,55.895,96.484
910,2021-08-06,6:42,56.59,94.969
911,2021-08-06,7:42,65.934,94.847
912,2021-08-06,8:42,76.744,75.873
913,2021-08-06,9:42,83.539,58.535
914,2021-08-06,10:42,86.243,51.697
915,2021-08-06,11:42,89.1,47.766
916,2021-08-06,12:42,90.104,46.862
917,2021-08-06,13:42,91.107,44.42
918,2021-08-06,14:42,91.956,42.759
919,2021-08-06,15:42,91.107,41.319
920,2021-08-06,16:42,90.412,42.882
921,2021-08-06,17:42,90.954,40.879
922,2021-08-06,18:42,86.166,52.186
923,2021-08-06,19:42,79.833,63.321
924,2021-08-06,20:42,75.74,66.764
925,2021-08-06,21:42,68.635,84.762
926,2021-08-06,22:42,65.471,92.918
927,2021-08-06,23:42,64.157,94.75
928,2021-08-07,0:42,62.845,95.531
929,2021-08-07,1:42,61.533,95.971
930,2021-08-07,2:42,61.068,96.142
931,2021-08-07,3:42,59.601,96.361
932,2021-08-07,4:42,59.139,96.484
933,2021-08-07,5:42,58.366,96.63
934,2021-08-07,6:42,58.521,96.703
935,2021-08-07,7:42,64.312,94.725
936,2021-08-07,8:42,75.123,81.783
937,2021-08-07,9:42,77.207,75.287
938,2021-08-07,10:42,84.776,56.752
939,2021-08-07,11:42,78.906,65.641
940,2021-08-07,12:42,75.895,74.505
941,2021-08-07,13:42,76.05,75.678
942,2021-08-07,14:42,78.598,72.65
943,2021-08-07,15:42,76.282,74.408
944,2021-08-07,16:42,77.131,72.454
945,2021-08-07,17:42,75.277,66.74
946,2021-08-07,18:42,72.729,74.994
947,2021-08-07,19:42,71.339,80.684
948,2021-08-07,20:42,69.255,87.985
949,2021-08-07,21:42,65.934,92.161
950,2021-08-07,22:42,66.396,91.477
951,2021-08-07,23:42,63.927,94.505
952,2021-08-08,0:42,61.763,95.507
953,2021-08-08,1:42,62.69,95.531
954,2021-08-08,2:42,63,95.775
955,2021-08-08,3:42,60.219,95.897
956,2021-08-08,4:42,58.444,96.068
957,2021-08-08,5:42,57.052,96.239
958,2021-08-08,6:42,56.667,96.313
959,2021-08-08,7:42,66.011,96.654
960,2021-08-08,8:42,76.59,75.238
961,2021-08-08,9:42,79.988,66.789
962,2021-08-08,10:42,84.234,56.581
963,2021-08-08,11:42,87.093,51.062
964,2021-08-08,12:42,88.173,50.525
965,2021-08-08,13:42,89.409,46.276
966,2021-08-08,14:42,89.562,45.91
967,2021-08-08,15:42,88.867,47.424
968,2021-08-08,16:42,91.956,39.927
969,2021-08-08,17:42,89.1,46.593
970,2021-08-08,18:42,89.794,48.767
971,2021-08-08,19:42,78.829,72.332
972,2021-08-08,20:42,70.412,89.792
973,2021-08-08,21:42,67.788,93.773
974,2021-08-08,22:42,66.319,94.921
975,2021-08-08,23:42,65.161,95.751
976,2021-08-09,0:42,64.234,96.142
977,2021-08-09,1:42,63.617,96.386
978,2021-08-09,2:42,63.462,96.484
979,2021-08-09,3:42,64.08,96.581
980,2021-08-09,4:42,64.157,96.532
981,2021-08-09,5:42,63.54,96.606
982,2021-08-09,6:42,63.617,96.654
983,2021-08-09,7:42,66.011,96.63
984,2021-08-09,8:42,69.795,96.923
985,2021-08-09,9:42,81.068,77.338
986,2021-08-09,10:42,85.548,66.716
987,2021-08-09,11:42,88.25,62.295
988,2021-08-09,12:42,91.494,57.582
989,2021-08-09,13:42,89.409,60.952
990,2021-08-09,14:42,93.038,55.604
991,2021-08-09,15:42,91.494,59.145
992,2021-08-09,16:42,86.938,65.934
993,2021-08-09,17:42,85.006,74.774
994,2021-08-09,18:42,74.89,88.034
995,2021-08-09,19:42,72.729,91.624
996,2021-08-09,20:42,72.111,94.066
997,2021-08-09,21:42,70.799,94.994
998,2021-08-09,22:42,68.713,95.8
999,2021-08-09,23:42,67.555,96.215
1000,2021-08-10,0:42,66.783,96.386
1001,2021-08-10,1:42,66.551,96.435
1002,2021-08-10,2:42,67.863,96.361
1003,2021-08-10,3:42,67.246,96.484
1004,2021-08-10,4:42,65.779,96.581
1005,2021-08-10,5:42,66.628,96.654
1006,2021-08-10,6:42,68.018,96.41
1007,2021-08-10,7:42,70.489,94.774
1008,2021-08-10,8:42,77.517,94.921
1009,2021-08-10,9:42,83.926,79.463
1010,2021-08-10,10:42,88.56,70.623
1011,2021-08-10,11:42,93.038,64.469
1012,2021-08-10,12:42,93.578,60.122
1013,2021-08-10,13:42,94.737,56.606
1014,2021-08-10,14:42,95.664,50.281
1015,2021-08-10,15:42,92.498,54.261
1016,2021-08-10,16:42,95.817,49.328
1017,2021-08-10,17:42,85.701,60.635
1018,2021-08-10,18:42,70.876,94.505
1019,2021-08-10,19:42,71.184,95.067
1020,2021-08-10,20:42,71.262,95.433
1021,2021-08-10,21:42,71.107,95.409
1022,2021-08-10,22:42,70.412,94.554
1023,2021-08-10,23:42,70.722,94.701
1024,2021-08-11,0:42,69.332,94.823
1025,2021-08-11,1:42,68.25,94.896
1026,2021-08-11,2:42,67.323,94.994
1027,2021-08-11,3:42,66.551,95.067
1028,2021-08-11,4:42,66.319,95.14
1029,2021-08-11,5:42,65.779,95.238
1030,2021-08-11,6:42,65.934,95.287
1031,2021-08-11,7:42,72.343,95.263
1032,2021-08-11,8:42,77.284,93.431
1033,2021-08-11,9:42,83.077,88.742
1034,2021-08-11,10:42,88.095,80.366
1035,2021-08-11,11:42,90.876,76.679
1036,2021-08-11,12:42,93.655,57.143
1037,2021-08-11,13:42,93.965,58.462
1038,2021-08-11,14:42,95.817,54.921
1039,2021-08-11,15:42,96.204,56.606
1040,2021-08-11,16:42,86.32,61.954
1041,2021-08-11,17:42,74.813,87.204
1042,2021-08-11,18:42,74.66,91.306
1043,2021-08-11,19:42,73.81,93.431
1044,2021-08-11,20:42,73.269,94.872
1045,2021-08-11,21:42,72.651,95.385
1046,2021-08-11,22:42,72.806,95.726
1047,2021-08-11,23:42,72.574,95.604
1048,2021-08-12,0:42,72.496,95.629
1049,2021-08-12,1:42,70.489,95.311
1050,2021-08-12,2:42,70.027,95.751
1051,2021-08-12,3:42,70.489,96.02
1052,2021-08-12,4:42,68.713,95.922
1053,2021-08-12,5:42,67.323,96.117
1054,2021-08-12,6:42,66.551,96.117
1055,2021-08-12,7:42,72.806,96.313
1056,2021-08-12,8:42,81.068,82.051
1057,2021-08-12,9:42,86.706,70.867
1058,2021-08-12,10:42,90.876,60.879
1059,2021-08-12,11:42,92.961,59.341
1060,2021-08-12,12:42,95.045,58.608
1061,2021-08-12,13:42,95.664,56.801
1062,2021-08-12,14:42,95.664,49.426
1063,2021-08-12,15:42,96.049,50.501
1064,2021-08-12,16:42,97.054,49.768
1065,2021-08-12,17:42,96.589,53.919
1066,2021-08-12,18:42,93.193,58.364
1067,2021-08-12,19:42,85.933,71.404
1068,2021-08-12,20:42,78.366,88.205
1069,2021-08-12,21:42,75.123,93.895
1070,2021-08-12,22:42,73.733,95.165
1071,2021-08-12,23:42,73.81,95.482
1072,2021-08-13,0:42,75.895,94.335
1073,2021-08-13,1:42,73.656,95.531
1074,2021-08-13,2:42,72.266,95.556
1075,2021-08-13,3:42,71.724,95.8
1076,2021-08-13,4:42,70.257,95.922
1077,2021-08-13,5:42,69.408,95.922
1078,2021-08-13,6:42,69.255,95.971
1079,2021-08-13,7:42,75.2,96.166
1080,2021-08-13,8:42,86.398,70.745
1081,2021-08-13,9:42,91.879,58.388
1082,2021-08-13,10:42,95.045,52.796
1083,2021-08-13,11:42,96.127,52.625
1084,2021-08-13,12:42,96.049,54.481
1085,2021-08-13,13:42,97.286,54.066
1086,2021-08-13,14:42,98.289,49.304
1087,2021-08-13,15:42,96.127,51.477
1088,2021-08-13,16:42,73.269,89.719
1089,2021-08-13,17:42,69.562,95.116
1090,2021-08-13,18:42,70.18,95.263
1091,2021-08-13,19:42,70.876,95.433
1092,2021-08-13,20:42,71.649,95.604
1093,2021-08-13,21:42,71.494,95.507
1094,2021-08-13,22:42,70.876,94.676
1095,2021-08-13,23:42,70.257,94.799
1096,2021-08-14,0:42,70.027,94.896
1097,2021-08-14,1:42,70.104,94.994
1098,2021-08-14,2:42,69.1,95.043
1099,2021-08-14,3:42,68.405,95.116
1100,2021-08-14,4:42,68.868,95.165
1101,2021-08-14,5:42,68.56,95.214
1102,2021-08-14,6:42,68.095,95.238
1103,2021-08-14,7:42,73.346,95.287
1104,2021-08-14,8:42,79.756,92.894
1105,2021-08-14,9:42,82.15,88.083
1106,2021-08-14,10:42,84.699,83.492
1107,2021-08-14,11:42,90.181,80.904
1108,2021-08-14,12:42,88.405,70.794
1109,2021-08-14,13:42,89.717,61.734
1110,2021-08-14,14:42,88.945,62.882
1111,2021-08-14,15:42,87.942,66.935
1112,2021-08-14,16:42,88.56,62.515
1113,2021-08-14,17:42,88.945,60.464
1114,2021-08-14,18:42,84.312,70.256
1115,2021-08-14,19:42,78.676,89.719
1116,2021-08-14,20:42,76.204,92.552
1117,2021-08-14,21:42,75.432,94.432
1118,2021-08-14,22:42,75.432,91.795
1119,2021-08-14,23:42,74.35,90.794
1120,2021-08-15,0:42,73.193,89.719
1121,2021-08-15,1:42,73.965,89.011
1122,2021-08-15,2:42,73.656,80.44
1123,2021-08-15,3:42,71.029,81.392
1124,2021-08-15,4:42,68.713,84.322
1125,2021-08-15,5:42,68.173,81.612
1126,2021-08-15,6:42,68.328,78.413
1127,2021-08-15,7:42,68.868,78.852
1128,2021-08-15,8:42,71.262,73.553
1129,2021-08-15,9:42,76.359,62.589
1130,2021-08-15,10:42,75.277,62.149
1131,2021-08-15,11:42,82.922,53.455
1132,2021-08-15,12:42,83.232,52.039
1133,2021-08-15,13:42,84.776,50.525
1134,2021-08-15,14:42,87.478,43.37
1135,2021-08-15,15:42,82.999,58.413
1136,2021-08-15,16:42,81.068,58.999
1137,2021-08-15,17:42,78.984,63.028
1138,2021-08-15,18:42,78.521,69.426
1139,2021-08-15,19:42,71.879,86.422
1140,2021-08-15,20:42,69.255,93.089
1141,2021-08-15,21:42,69.485,93.284
1142,2021-08-15,22:42,69.022,94.53
1143,2021-08-15,23:42,68.018,95.458
1144,2021-08-16,0:42,68.56,95.751
1145,2021-08-16,1:42,69.408,94.359
1146,2021-08-16,2:42,69.255,95.14
1147,2021-08-16,3:42,69.177,94.921
1148,2021-08-16,4:42,69.022,95.702
1149,2021-08-16,5:42,69.022,95.775
1150,2021-08-16,6:42,69.332,96.044
1151,2021-08-16,7:42,70.876,94.457
1152,2021-08-16,8:42,74.35,86.374
1153,2021-08-16,9:42,76.512,78.73
1154,2021-08-16,10:42,78.906,74.774
1155,2021-08-16,11:42,80.528,67.546
1156,2021-08-16,12:42,78.057,78.046
1157,2021-08-16,13:42,80.528,76.361
1158,2021-08-16,14:42,83.539,68.571
1159,2021-08-16,15:42,82.459,72.21
1160,2021-08-16,16:42,83.154,69.499
1161,2021-08-16,17:42,83.926,70.867
1162,2021-08-16,18:42,77.904,81.587
1163,2021-08-16,19:42,75.123,91.429
1164,2021-08-16,20:42,73.501,94.676
1165,2021-08-16,21:42,73.269,95.214
1166,2021-08-16,22:42,73.346,95.629
1167,2021-08-16,23:42,72.806,95.336
1168,2021-08-17,0:42,72.574,95.507
1169,2021-08-17,1:42,73.038,95.922
1170,2021-08-17,2:42,73.656,96.044
1171,2021-08-17,3:42,70.952,95.922
1172,2021-08-17,4:42,69.255,96.044
1173,2021-08-17,5:42,69.562,96.093
1174,2021-08-17,6:42,70.027,96.19
1175,2021-08-17,7:42,71.184,96.215
1176,2021-08-17,8:42,,
1177,2021-08-17,8:42,,
1178,2021-08-17,8:43,,
1179,2021-08-17,8:42,76.59,90.94
1180,2021-08-17,9:42,78.444,89.524
1181,2021-08-17,10:42,80.296,87.131
1182,2021-08-17,11:42,83.694,81.612
1183,2021-08-17,12:42,86.32,73.016
1184,2021-08-17,13:42,81.532,85.079
1185,2021-08-17,14:42,85.548,78.364
1186,2021-08-17,15:42,86.243,77.485
1187,2021-08-17,16:42,86.551,72.747
1188,2021-08-17,17:42,88.018,73.871
1189,2021-08-17,18:42,81.223,87.204
1190,2021-08-17,19:42,78.289,92.308
1191,2021-08-17,20:42,77.131,92.186
1192,2021-08-17,21:42,75.045,95.238
1193,2021-08-17,22:42,75.817,94.701
1194,2021-08-17,23:42,76.204,95.653
1195,2021-08-18,0:42,76.204,95.653
1196,2021-08-18,1:42,75.817,95.58
1197,2021-08-18,2:42,75.895,95.189
1198,2021-08-18,3:42,75.663,95.58
1199,2021-08-18,4:42,75.74,95.8
1200,2021-08-18,5:42,75.895,95.971
1201,2021-08-18,6:42,76.05,95.922
1202,2021-08-18,7:42,76.435,95.726
1203,2021-08-18,8:42,78.057,93.724
1204,2021-08-18,9:42,79.911,88.987
1205,2021-08-18,10:42,83.926,80.83
1206,2021-08-18,11:42,84.853,74.505
1207,2021-08-18,12:42,78.134,92.821
1208,2021-08-18,13:42,78.134,94.261
1209,2021-08-18,14:42,81.532,88.547
1210,2021-08-18,15:42,83.232,89.328
1211,2021-08-18,16:42,84.853,82.979
1212,2021-08-18,17:42,83.539,80.44
1213,2021-08-18,18:42,84.853,77.118
1214,2021-08-18,19:42,80.992,84.884
1215,2021-08-18,20:42,79.678,88.571
1216,2021-08-18,21:42,80.373,85.592
1217,2021-08-18,22:42,79.988,83.516
1218,2021-08-18,23:42,77.439,86.032
1219,2021-08-19,0:42,76.435,80.293
1220,2021-08-19,1:42,74.118,85.665
1221,2021-08-19,2:42,69.64,94.628
1222,2021-08-19,3:42,70.257,95.311
1223,2021-08-19,4:42,72.343,89.621
1224,2021-08-19,5:42,70.644,92.43
1225,2021-08-19,6:42,72.729,88.645
1226,2021-08-19,7:42,78.134,78.437
1227,2021-08-19,8:42,81.068,76.117
1228,2021-08-19,9:42,84.929,69.646
1229,2021-08-19,10:42,87.71,63.639
1230,2021-08-19,11:42,88.482,63.785
1231,2021-08-19,12:42,88.095,61.905
1232,2021-08-19,13:42,90.412,60.855
1233,2021-08-19,14:42,89.64,59.389
1234,2021-08-19,15:42,93.348,55.067
1235,2021-08-19,16:42,91.261,56.142
1236,2021-08-19,17:42,89.332,57.875
1237,2021-08-19,18:42,82.69,78.681
1238,2021-08-19,19:42,76.899,89.963
1239,2021-08-19,20:42,74.968,93.968
1240,2021-08-19,21:42,74.041,95.189
1241,2021-08-19,22:42,74.118,95.336
1242,2021-08-19,23:42,73.965,94.628
1243,2021-08-20,0:42,73.501,95.385
1244,2021-08-20,1:42,73.346,95.8
1245,2021-08-20,2:42,73.269,95.946
1246,2021-08-20,3:42,72.651,95.897
1247,2021-08-20,4:42,72.034,95.8
1248,2021-08-20,5:42,71.802,96.044
1249,2021-08-20,6:42,72.034,96.166
1250,2021-08-20,7:42,72.111,96.215
1251,2021-08-20,8:42,71.339,96.215
1252,2021-08-20,9:42,70.876,96.19
1253,2021-08-20,10:42,71.879,96.19
1254,2021-08-20,11:42,72.961,93.968
1255,2021-08-20,12:42,78.211,86.276
1256,2021-08-20,13:42,80.76,79.438
1257,2021-08-20,14:42,82.767,71.355
1258,2021-08-20,15:42,85.084,62.491
1259,2021-08-20,16:42,86.166,62.418
1260,2021-08-20,17:42,88.018,58.999
1261,2021-08-20,18:42,78.211,82.1
1262,2021-08-20,19:42,73.346,91.087
1263,2021-08-20,20:42,69.485,94.823
1264,2021-08-20,21:42,68.79,95.336
1265,2021-08-20,22:42,67.555,95.629
1266,2021-08-20,23:42,67.091,95.751
1267,2021-08-21,0:42,66.706,95.678
1268,2021-08-21,1:42,66.628,94.701
1269,2021-08-21,2:42,65.701,94.823
1270,2021-08-21,3:42,66.319,94.921
1271,2021-08-21,4:42,66.628,94.969
1272,2021-08-21,5:42,66.706,95.018
1273,2021-08-21,6:42,67.246,95.067
1274,2021-08-21,7:42,69.949,95.116
1275,2021-08-21,8:42,73.578,95.092
1276,2021-08-21,9:42,79.061,83.175
1277,2021-08-21,10:42,85.701,68.84
1278,2021-08-21,11:42,85.471,70.549
1279,2021-08-21,12:42,89.1,62.662
1280,2021-08-21,13:42,89.717,62.857
1281,2021-08-21,14:42,84.234,68.449
1282,2021-08-21,15:42,85.084,68.449
1283,2021-08-21,16:42,87.71,62.711
1284,2021-08-21,17:42,84.544,69.499
1285,2021-08-21,18:42,82.227,74.066
1286,2021-08-21,19:42,76.435,87.302
1287,2021-08-21,20:42,71.802,94.75
1288,2021-08-21,21:42,70.18,94.994
1289,2021-08-21,22:42,69.408,95.238
1290,2021-08-21,23:42,69.1,95.238
1291,2021-08-22,0:42,67.941,95.311
1292,2021-08-22,1:42,67.091,95.311
1293,2021-08-22,2:42,67.246,94.75
1294,2021-08-22,3:42,66.783,94.847
1295,2021-08-22,4:42,66.783,94.872
1296,2021-08-22,5:42,66.166,94.994
1297,2021-08-22,6:42,66.166,95.043
1298,2021-08-22,7:42,72.574,95.067
1299,2021-08-22,8:42,71.956,95.067
1300,2021-08-22,9:42,74.505,90.159
1301,2021-08-22,10:42,77.054,84.371
1302,2021-08-22,11:42,80.065,79.756
1303,2021-08-22,12:42,81.145,77.998
1304,2021-08-22,13:42,79.833,80.83
1305,2021-08-22,14:42,77.207,86.129
1306,2021-08-22,15:42,76.435,87.155
1307,2021-08-22,16:42,76.59,86.471
1308,2021-08-22,17:42,78.134,81.441
1309,2021-08-22,18:42,78.676,80.659
1310,2021-08-22,19:42,73.423,92.357
1311,2021-08-22,20:42,71.724,94.75
1312,2021-08-22,21:42,70.644,94.847
1313,2021-08-22,22:42,71.107,94.896
1314,2021-08-22,23:42,70.952,94.994
1315,2021-08-23,0:42,71.879,95.385
1316,2021-08-23,1:42,71.339,94.628
1317,2021-08-23,2:42,70.644,95.018
1318,2021-08-23,3:42,71.262,95.238
1319,2021-08-23,4:42,72.189,92.161
1320,2021-08-23,5:42,70.952,92.43
1321,2021-08-23,6:42,69.562,93.333
1322,2021-08-23,7:42,76.05,84.029
1323,2021-08-23,8:42,81.995,73.407
1324,2021-08-23,9:42,81.223,73.7
1325,2021-08-23,10:42,84.312,70.379
1326,2021-08-23,11:42,86.166,68.254
1327,2021-08-23,12:42,89.332,65.446
1328,2021-08-23,13:42,90.567,62.32
1329,2021-08-23,14:42,91.416,56.752
1330,2021-08-23,15:42,86.398,72.698
1331,2021-08-23,16:42,89.332,61.856
1332,2021-08-23,17:42,90.876,57.289
1333,2021-08-23,18:42,88.095,66.52
1334,2021-08-23,19:42,76.822,89.792
1335,2021-08-23,20:42,72.729,94.261
1336,2021-08-23,21:42,71.649,94.701
1337,2021-08-23,22:42,72.421,94.921
1338,2021-08-23,23:42,72.496,94.31
1339,2021-08-24,0:42,71.262,94.725
1340,2021-08-24,1:42,69.408,95.018
1341,2021-08-24,2:42,68.018,95.214
1342,2021-08-24,3:42,67.246,95.311
1343,2021-08-24,4:42,65.779,95.385
1344,2021-08-24,5:42,63.849,95.214
1345,2021-08-24,6:42,63.927,94.969
1346,2021-08-24,7:42,71.956,94.921
1347,2021-08-24,8:42,80.22,86.007
1348,2021-08-24,9:42,80.605,78.437
1349,2021-08-24,10:42,83.462,73.529
1350,2021-08-24,11:42,86.398,64.249
1351,2021-08-24,12:42,90.027,62.54
1352,2021-08-24,13:42,90.259,58.168
1353,2021-08-24,14:42,90.412,56.02
1354,2021-08-24,15:42,91.726,54.774
1355,2021-08-24,16:42,91.494,55.409
1356,2021-08-24,17:42,90.567,58.046
1357,2021-08-24,18:42,87.015,68.303
1358,2021-08-24,19:42,76.05,89.768
1359,2021-08-24,20:42,71.571,94.261
1360,2021-08-24,21:42,71.107,94.725
1361,2021-08-24,22:42,69.562,95.043
1362,2021-08-24,23:42,68.635,95.116
1363,2021-08-25,0:42,67.788,95.214
1364,2021-08-25,1:42,67.246,95.14
1365,2021-08-25,2:42,66.783,94.823
1366,2021-08-25,3:42,66.243,94.896
1367,2021-08-25,4:42,65.624,94.969
1368,2021-08-25,5:42,65.239,95.018
1369,2021-08-25,6:42,65.394,95.092
1370,2021-08-25,7:42,71.416,95.092
1371,2021-08-25,8:42,79.988,85.421
1372,2021-08-25,9:42,82.845,82.686
1373,2021-08-25,10:42,86.32,74.212
1374,2021-08-25,11:42,89.332,66.935
1375,2021-08-25,12:42,92.728,55.653
1376,2021-08-25,13:42,93.423,55.433
1377,2021-08-25,14:42,94.042,54.53
1378,2021-08-25,15:42,94.968,48.913
1379,2021-08-25,16:42,93.501,53.333
1380,2021-08-25,17:42,93.27,57.802
1381,2021-08-25,18:42,81.918,82.784
1382,2021-08-25,19:42,80.143,74.115
1383,2021-08-25,20:42,76.05,84.469
1384,2021-08-25,21:42,74.196,91.673
1385,2021-08-25,22:42,73.346,93.407
1386,2021-08-25,23:42,72.806,93.919
1387,2021-08-26,0:42,70.722,94.432
1388,2021-08-26,1:42,70.722,94.701
1389,2021-08-26,2:42,69.485,95.092
1390,2021-08-26,3:42,69.022,95.287
1391,2021-08-26,4:42,68.56,95.214
1392,2021-08-26,5:42,68.713,95.165
1393,2021-08-26,6:42,69.408,94.774
1394,2021-08-26,7:42,75.432,94.872
1395,2021-08-26,8:42,78.676,82.784
1396,2021-08-26,9:42,82.15,78.608
1397,2021-08-26,10:42,85.701,74.945
1398,2021-08-26,11:42,88.405,69.597
1399,2021-08-26,12:42,91.184,60.342
1400,2021-08-26,13:42,92.343,60.708
1401,2021-08-26,14:42,92.961,58.95
1402,2021-08-26,15:42,94.66,53.895
1403,2021-08-26,16:42,85.006,67.179
1404,2021-08-26,17:42,87.015,61.148
1405,2021-08-26,18:42,85.239,66.227
1406,2021-08-26,19:42,75.2,88.498
1407,2021-08-26,20:42,71.956,92.869
1408,2021-08-26,21:42,71.262,93.944
1409,2021-08-26,22:42,70.722,94.579
1410,2021-08-26,23:42,70.027,94.847
1411,2021-08-27,0:42,69.717,94.969
1412,2021-08-27,1:42,68.945,95.043
1413,2021-08-27,2:42,68.79,95.043
1414,2021-08-27,3:42,68.328,94.725
1415,2021-08-27,4:42,67.941,94.872
1416,2021-08-27,5:42,67.633,94.921
1417,2021-08-27,6:42,67.555,94.994
1418,2021-08-27,7:42,73.269,95.067
1419,2021-08-27,8:42,82.459,78.022
1420,2021-08-27,9:42,84.466,75.189
1421,2021-08-27,10:42,87.942,71.648
1422,2021-08-27,11:42,89.872,71.404
1423,2021-08-27,12:42,93.038,58.779
1424,2021-08-27,13:42,95.587,55.775
1425,2021-08-27,14:42,93.501,56.923
1426,2021-08-27,15:42,85.548,76.239
1427,2021-08-27,16:42,78.289,84.444
1428,2021-08-27,17:42,76.667,88.4
1429,2021-08-27,18:42,76.127,91.526
1430,2021-08-27,19:42,75.432,91.087
1431,2021-08-27,20:42,74.89,92.991
1432,2021-08-27,21:42,74.118,93.333
1433,2021-08-27,22:42,73.193,94.042
1434,2021-08-27,23:42,72.421,94.408
1435,2021-08-28,0:42,72.111,94.701
1436,2021-08-28,1:42,71.724,94.847
1437,2021-08-28,2:42,71.107,94.896
1438,2021-08-28,3:42,69.949,94.872
1439,2021-08-28,4:42,68.945,95.018
1440,2021-08-28,5:42,68.25,95.018
1441,2021-08-28,6:42,67.863,94.896
1442,2021-08-28,7:42,73.888,95.018
1443,2021-08-28,8:42,81.3,79.365
1444,2021-08-28,9:42,83.154,75.14
1445,2021-08-28,10:42,85.856,68.083
1446,2021-08-28,11:42,87.942,65.91
1447,2021-08-28,12:42,88.56,67.302
1448,2021-08-28,13:42,89.872,60.781
1449,2021-08-28,14:42,88.79,63.516
1450,2021-08-28,15:42,87.478,66.642
1451,2021-08-28,16:42,86.551,71.795
1452,2021-08-28,17:42,84.544,72.991
1453,2021-08-28,18:42,79.448,79.805
1454,2021-08-28,19:42,76.977,83.541
1455,2021-08-28,20:42,75.895,84.249
1456,2021-08-28,21:42,74.505,85.079
1457,2021-08-28,22:42,72.961,87.741
1458,2021-08-28,23:42,72.421,89.182
1459,2021-08-29,0:42,71.571,88.962
1460,2021-08-29,1:42,71.494,89.158
1461,2021-08-29,2:42,70.876,90.085
1462,2021-08-29,3:42,70.027,91.819
1463,2021-08-29,4:42,70.027,91.795
1464,2021-08-29,5:42,69.255,93.162
1465,2021-08-29,6:42,69.022,93.553
1466,2021-08-29,7:42,69.64,92.967
1467,2021-08-29,8:42,73.116,87.546
1468,2021-08-29,9:42,76.899,78.974
1469,2021-08-29,10:42,79.448,74.969
1470,2021-08-29,11:42,83.539,71.697
1471,2021-08-29,12:42,88.25,60.464
1472,2021-08-29,13:42,83.232,69.768
1473,2021-08-29,14:42,82.305,70.549
1474,2021-08-29,15:42,83.077,69.841
1475,2021-08-29,16:42,83.539,68.278
1476,2021-08-29,17:42,81.378,72.405
1477,2021-08-29,18:42,81.455,76.166
1478,2021-08-29,19:42,76.204,89.451
1479,2021-08-29,20:42,73.038,92.625
1480,2021-08-29,21:42,70.644,93.871
1481,2021-08-29,22:42,71.184,94.481
1482,2021-08-29,23:42,71.262,94.847
1483,2021-08-30,0:42,69.562,94.799
1484,2021-08-30,1:42,68.713,95.018
1485,2021-08-30,2:42,68.482,95.067
1486,2021-08-30,3:42,69.949,95.092
1487,2021-08-30,4:42,69.717,95.092
1488,2021-08-30,5:42,68.095,94.994
1489,2021-08-30,6:42,68.56,94.969
1490,2021-08-30,7:42,71.184,94.847
1491,2021-08-30,8:42,75.585,92.454
1492,2021-08-30,9:42,81.3,81.221
1493,2021-08-30,10:42,84.389,76.557
1494,2021-08-30,11:42,87.246,70.061
1495,2021-08-30,12:42,89.254,64.2
1496,2021-08-30,13:42,91.339,58.926
1497,2021-08-30,14:42,90.721,59.585
1498,2021-08-30,15:42,91.107,59.463
1499,2021-08-30,16:42,90.412,60.733
1500,2021-08-30,17:42,87.633,59.316
1501,2021-08-30,18:42,76.05,92.503
1502,2021-08-30,19:42,72.496,91.282
1503,2021-08-30,20:42,70.18,93.065
1504,2021-08-30,21:42,70.104,93.968
1505,2021-08-30,22:42,69.332,94.432
1506,2021-08-30,23:42,69.408,94.652
1507,2021-08-31,0:42,69.255,94.725
1508,2021-08-31,1:42,68.56,94.799
1509,2021-08-31,2:42,68.095,94.872
1510,2021-08-31,3:42,67.941,94.75
1511,2021-08-31,4:42,67.941,94.847
1512,2021-08-31,5:42,67.168,94.921
1513,2021-08-31,6:42,66.783,95.018
1514,2021-08-31,7:42,69.795,95.018
1515,2021-08-31,8:42,73.346,95.092
1516,2021-08-31,9:42,78.057,88.889
1517,2021-08-31,10:42,79.988,81.343
1518,2021-08-31,11:42,81.918,73.162
1519,2021-08-31,12:42,83.232,67.863
1520,2021-08-31,13:42,80.528,74.017
1521,2021-08-31,14:42,80.143,70.867
1522,2021-08-31,15:42,80.528,72.308
1523,2021-08-31,16:42,81.455,69.695
1524,2021-08-31,17:42,78.057,81.832
1525,2021-08-31,18:42,76.282,87.179
1526,2021-08-31,19:42,73.423,91.893
1527,2021-08-31,20:42,72.574,93.309
1528,2021-08-31,21:42,72.111,93.993
1529,2021-08-31,22:42,71.802,94.359
1530,2021-08-31,23:42,71.494,94.53
1531,2021-09-01,0:42,71.107,94.652
1532,2021-09-01,1:42,71.029,94.774
1533,2021-09-01,2:42,71.029,94.823
1534,2021-09-01,3:42,70.644,94.896
1535,2021-09-01,4:42,69.485,94.945
1536,2021-09-01,5:42,70.104,95.018
1537,2021-09-01,6:42,69.949,95.043
1538,2021-09-01,7:42,70.18,95.067
1539,2021-09-01,8:42,70.952,95.067
1540,2021-09-01,9:42,71.879,95.018
1541,2021-09-01,10:42,73.423,94.969
1542,2021-09-01,11:42,76.435,93.895
1543,2021-09-01,12:42,77.054,93.309
1544,2021-09-01,13:42,75.74,93.431
1545,2021-09-01,14:42,76.667,94.652
1546,2021-09-01,15:42,74.813,94.774
1547,2021-09-01,16:42,75.817,94.921
1548,2021-09-01,17:42,75.817,94.359
1549,2021-09-01,18:42,67.633,94.335
1550,2021-09-01,19:42,65.856,94.823
1551,2021-09-01,20:42,65.394,94.554
1552,2021-09-01,21:42,64.699,94.164
1553,2021-09-01,22:42,64.312,93.065
1554,2021-09-01,23:42,64.774,88.913
1555,2021-09-02,0:42,64.929,85.714
1556,2021-09-02,1:42,64.08,83.785
1557,2021-09-02,2:42,62.69,87.131
1558,2021-09-02,3:42,61.686,86.227
1559,2021-09-02,4:42,60.913,81.978
1560,2021-09-02,5:42,58.752,84.103
1561,2021-09-02,6:42,56.59,85.104
1562,2021-09-02,7:42,63.077,73.162
1563,2021-09-02,8:42,69.255,64.225
1564,2021-09-02,9:42,69.177,60.342
1565,2021-09-02,10:42,71.107,58.193
1566,2021-09-02,11:42,73.501,50.33
1567,2021-09-02,12:42,75.123,47.033
1568,2021-09-02,13:42,77.439,39.536
1569,2021-09-02,14:42,76.977,41.734
1570,2021-09-02,15:42,77.362,42.515
1571,2021-09-02,16:42,77.131,39.878
1572,2021-09-02,17:42,77.054,39.731
1573,2021-09-02,18:42,73.269,50.379
1574,2021-09-02,19:42,58.366,89.328
1575,2021-09-02,20:42,54.658,93.797
1576,2021-09-02,21:42,53.656,94.725
1577,2021-09-02,22:42,52.419,95.14
1578,2021-09-02,23:42,52.419,95.189
1579,2021-09-03,0:42,50.952,94.921
1580,2021-09-03,1:42,49.95,95.067
1581,2021-09-03,2:42,50.412,95.14
1582,2021-09-03,3:42,48.79,95.263
1583,2021-09-03,4:42,48.173,95.336
1584,2021-09-03,5:42,48.25,95.36
1585,2021-09-03,6:42,47.786,95.458
1586,2021-09-03,7:42,55.508,95.507
1587,2021-09-03,8:42,63.772,83.81
1588,2021-09-03,9:42,68.713,64.737
1589,2021-09-03,10:42,70.799,60.073
1590,2021-09-03,11:42,73.116,57.485
1591,2021-09-03,12:42,75.663,52.772
1592,2021-09-03,13:42,77.749,55.556
1593,2021-09-03,14:42,79.756,49.109
1594,2021-09-03,15:42,82.227,45.617
1595,2021-09-03,16:42,79.833,46.203
1596,2021-09-03,17:42,80.605,50.061
1597,2021-09-03,18:42,74.737,60.757
1598,2021-09-03,19:42,62.535,90.085
1599,2021-09-03,20:42,59.139,93.504
1600,2021-09-03,21:42,57.362,94.335
1601,2021-09-03,22:42,55.585,94.652
1602,2021-09-03,23:42,54.351,94.75
1603,2021-09-04,0:42,53.964,94.823
1604,2021-09-04,1:42,53.501,94.969
1605,2021-09-04,2:42,52.342,95.043
1606,2021-09-04,3:42,52.111,95.189
1607,2021-09-04,4:42,53.501,95.263
1608,2021-09-04,5:42,53.811,95.287
1609,2021-09-04,6:42,54.273,95.385
1610,2021-09-04,7:42,58.289,95.385
1611,2021-09-04,8:42,60.76,95.336
1612,2021-09-04,9:42,66.243,95.311
1613,2021-09-04,10:42,72.343,79.683
1614,2021-09-04,11:42,77.439,52.527
1615,2021-09-04,12:42,81.378,48.083
1616,2021-09-04,13:42,82.922,49.084
1617,2021-09-04,14:42,82.227,54.481
1618,2021-09-04,15:42,83.077,51.038
1619,2021-09-04,16:42,81.918,52.65
1620,2021-09-04,17:42,81.84,50.916
1621,2021-09-04,18:42,78.211,66.935
1622,2021-09-04,19:42,63.385,91.502
1623,2021-09-04,20:42,61.146,93.797
1624,2021-09-04,21:42,59.911,94.408
1625,2021-09-04,22:42,58.674,94.628
1626,2021-09-04,23:42,58.057,94.75
1627,2021-09-05,0:42,58.212,94.823
1628,2021-09-05,1:42,57.825,94.945
1629,2021-09-05,2:42,58.829,95.043
1630,2021-09-05,3:42,59.293,95.14
1631,2021-09-05,4:42,60.373,95.165
1632,2021-09-05,5:42,61.455,95.214
1633,2021-09-05,6:42,62.073,95.287
1634,2021-09-05,7:42,63.462,95.287
1635,2021-09-05,8:42,65.701,95.287
1636,2021-09-05,9:42,71.107,86.325
1637,2021-09-05,10:42,71.262,83.175
1638,2021-09-05,11:42,68.56,90.037
1639,2021-09-05,12:42,70.257,86.032
1640,2021-09-05,13:42,69.795,90.525
1641,2021-09-05,14:42,72.651,87.009
1642,2021-09-05,15:42,71.724,89.597
1643,2021-09-05,16:42,72.651,88.034
1644,2021-09-05,17:42,70.18,93.089
1645,2021-09-05,18:42,69.949,94.115
1646,2021-09-05,19:42,69.255,94.53
1647,2021-09-05,20:42,68.56,94.725
1648,2021-09-05,21:42,68.25,94.945
1649,2021-09-05,22:42,68.25,95.018
1650,2021-09-05,23:42,67.941,95.116
1651,2021-09-06,0:42,67.633,95.14
1652,2021-09-06,1:42,67.863,95.116
1653,2021-09-06,2:42,68.482,95.165
1654,2021-09-06,3:42,67.71,95.092
1655,2021-09-06,4:42,66.861,94.994
1656,2021-09-06,5:42,66.706,95.067
1657,2021-09-06,6:42,65.084,95.14
1658,2021-09-06,7:42,67.401,95.238
1659,2021-09-06,8:42,73.038,81.954
1660,2021-09-06,9:42,75.355,73.016
1661,2021-09-06,10:42,78.134,61.661
1662,2021-09-06,11:42,80.451,53.138
1663,2021-09-06,12:42,83.462,47.692
1664,2021-09-06,13:42,84.004,47.912
1665,2021-09-06,14:42,84.621,42.882
1666,2021-09-06,15:42,87.4,42.247
1667,2021-09-06,16:42,85.239,42.833
1668,2021-09-06,17:42,84.466,45.25
1669,2021-09-06,18:42,78.598,62.051
1670,2021-09-06,19:42,64.234,89.475
1671,2021-09-06,20:42,60.991,93.309
1672,2021-09-06,21:42,59.988,94.53
1673,2021-09-06,22:42,58.984,94.847
1674,2021-09-06,23:42,57.979,94.994
1675,2021-09-07,0:42,57.439,94.994
1676,2021-09-07,1:42,56.745,95.018
1677,2021-09-07,2:42,55.818,95.116
1678,2021-09-07,3:42,55.431,95.238
1679,2021-09-07,4:42,54.813,95.287
1680,2021-09-07,5:42,54.583,95.385
1681,2021-09-07,6:42,54.041,95.433
1682,2021-09-07,7:42,59.369,95.482
1683,2021-09-07,8:42,68.095,91.795
1684,2021-09-07,9:42,75.895,80.684
1685,2021-09-07,10:42,79.524,60.708
1686,2021-09-07,11:42,82.305,53.871
1687,2021-09-07,12:42,84.312,52.21
1688,2021-09-07,13:42,86.088,50.354
1689,2021-09-07,14:42,85.626,51.624
1690,2021-09-07,15:42,88.018,49.621
1691,2021-09-07,16:42,87.246,49.328
1692,2021-09-07,17:42,84.621,50.256
1693,2021-09-07,18:42,79.678,62.002
1694,2021-09-07,19:42,65.934,89.499
1695,2021-09-07,20:42,62.535,93.162
1696,2021-09-07,21:42,60.913,94.066
1697,2021-09-07,22:42,59.756,94.481
1698,2021-09-07,23:42,59.216,94.701
1699,2021-09-08,0:42,57.979,94.847
1700,2021-09-08,1:42,57.285,94.896
1701,2021-09-08,2:42,57.902,95.043
1702,2021-09-08,3:42,57.594,95.165
1703,2021-09-08,4:42,57.749,95.214
1704,2021-09-08,5:42,58.444,95.263
1705,2021-09-08,6:42,64.157,95.263
1706,2021-09-08,7:42,66.938,95.263
1707,2021-09-08,8:42,73.578,85.543
1708,2021-09-08,9:42,78.984,71.966
1709,2021-09-08,10:42,81.223,67.814
1710,2021-09-08,11:42,83.849,65.324
1711,2021-09-08,12:42,86.398,60.855
1712,2021-09-08,13:42,86.938,61.099
1713,2021-09-08,14:42,88.714,54.603
1714,2021-09-08,15:42,90.181,51.648
1715,2021-09-08,16:42,87.555,55.58
1716,2021-09-08,17:42,85.393,62.173
1717,2021-09-08,18:42,82.227,67.228
1718,2021-09-08,19:42,74.89,82.759
1719,2021-09-08,20:42,75.355,82.466
1720,2021-09-08,21:42,74.505,83.663
1721,2021-09-08,22:42,73.269,87.619
1722,2021-09-08,23:42,71.802,79.438
1723,2021-09-09,0:42,66.319,93.773
1724,2021-09-09,1:42,66.319,94.799
1725,2021-09-09,2:42,66.706,94.847
1726,2021-09-09,3:42,66.551,94.701
1727,2021-09-09,4:42,66.243,94.579
1728,2021-09-09,5:42,64.852,94.75
1729,2021-09-09,6:42,64.467,94.847
1730,2021-09-09,7:42,65.934,94.921
1731,2021-09-09,8:42,66.938,94.945
1732,2021-09-09,9:42,67.555,94.969
1733,2021-09-09,10:42,68.095,93.822
1734,2021-09-09,11:42,70.489,92.454
1735,2021-09-09,12:42,70.335,92.015
1736,2021-09-09,13:42,71.802,90.33
1737,2021-09-09,14:42,74.196,85.079
1738,2021-09-09,15:42,76.127,69.548
1739,2021-09-09,16:42,78.829,59.17
1740,2021-09-09,17:42,80.915,54.261
1741,2021-09-09,18:42,72.034,75.556
1742,2021-09-09,19:42,66.088,91.184
1743,2021-09-09,20:42,64.312,83.639
1744,2021-09-09,21:42,58.521,93.26
1745,2021-09-09,22:42,57.052,94.383
1746,2021-09-09,23:42,55.818,94.701
1747,2021-09-10,0:42,55.585,94.652
1748,2021-09-10,1:42,55.74,94.774
1749,2021-09-10,2:42,53.656,94.896
1750,2021-09-10,3:42,53.733,95.043
1751,2021-09-10,4:42,55.2,95.043
1752,2021-09-10,5:42,55.2,91.99
1753,2021-09-10,6:42,55.585,90.867
1754,2021-09-10,7:42,60.451,85.006
1755,2021-09-10,8:42,65.394,73.578
1756,2021-09-10,9:42,67.941,70.842
1757,2021-09-10,10:42,71.416,61.343
1758,2021-09-10,11:42,72.189,55.775
1759,2021-09-10,12:42,74.428,51.697
1760,2021-09-10,13:42,75.895,47.131
1761,2021-09-10,14:42,77.207,41.978
1762,2021-09-10,15:42,77.594,44.42
1763,2021-09-10,16:42,78.134,42.686
1764,2021-09-10,17:42,76.744,45.714
1765,2021-09-10,18:42,70.567,64.274
1766,2021-09-10,19:42,56.745,91.404
1767,2021-09-10,20:42,54.505,93.724
1768,2021-09-10,21:42,53.424,94.383
1769,2021-09-10,22:42,52.651,94.628
1770,2021-09-10,23:42,52.034,94.75
1771,2021-09-11,0:42,51.03,94.896
1772,2021-09-11,1:42,50.103,95.043
1773,2021-09-11,2:42,49.408,95.165
1774,2021-09-11,3:42,49.177,95.189
1775,2021-09-11,4:42,48.328,95.311
1776,2021-09-11,5:42,48.25,95.36
1777,2021-09-11,6:42,47.786,95.409
1778,2021-09-11,7:42,53.269,95.482
1779,2021-09-11,8:42,63.077,95.36
1780,2021-09-11,9:42,70.722,76.337
1781,2021-09-11,10:42,74.428,60.659
1782,2021-09-11,11:42,76.59,50.867
1783,2021-09-11,12:42,79.216,48.987
1784,2021-09-11,13:42,80.528,49.353
1785,2021-09-11,14:42,78.289,49.548
1786,2021-09-11,15:42,80.296,47.937
1787,2021-09-11,16:42,79.911,50.085
1788,2021-09-11,17:42,78.906,53.138
1789,2021-09-11,18:42,73.269,67.326
1790,2021-09-11,19:42,60.683,91.429
1791,2021-09-11,20:42,58.289,93.578
1792,2021-09-11,21:42,56.899,94.237
1793,2021-09-11,22:42,56.05,94.53
1794,2021-09-11,23:42,55.431,94.701
1795,2021-09-12,0:42,55.045,94.823
1796,2021-09-12,1:42,55.123,94.945
1797,2021-09-12,2:42,54.583,95.067
1798,2021-09-12,3:42,54.658,95.165
1799,2021-09-12,4:42,54.273,95.238
1800,2021-09-12,5:42,54.196,95.311
1801,2021-09-12,6:42,53.964,95.336
1802,2021-09-12,7:42,57.672,95.36
1803,2021-09-12,8:42,65.316,95.238
1804,2021-09-12,9:42,71.879,82.466
1805,2021-09-12,10:42,77.207,70.452
1806,2021-09-12,11:42,80.605,62.418
1807,2021-09-12,12:42,83.926,55.263
1808,2021-09-12,13:42,85.626,53.431
1809,2021-09-12,14:42,87.478,50.916
1810,2021-09-12,15:42,87.093,50.916
1811,2021-09-12,16:42,86.166,52.357
1812,2021-09-12,17:42,81.532,61.514
1813,2021-09-12,18:42,77.131,70.989
1814,2021-09-12,19:42,68.79,88.4
1815,2021-09-12,20:42,65.856,92.063
1816,2021-09-12,21:42,64.699,93.578
1817,2021-09-12,22:42,64.08,94.139
1818,2021-09-12,23:42,63.077,94.408
1819,2021-09-13,0:42,62.458,94.652
1820,2021-09-13,1:42,63.617,94.75
1821,2021-09-13,2:42,64.002,94.799
1822,2021-09-13,3:42,64.389,94.872
1823,2021-09-13,4:42,62.922,94.945
1824,2021-09-13,5:42,61.918,95.018
1825,2021-09-13,6:42,63,95.092
1826,2021-09-13,7:42,64.544,95.14
1827,2021-09-13,8:42,73.81,85.641
1828,2021-09-13,9:42,79.678,74.603
1829,2021-09-13,10:42,82.305,66.764
1830,2021-09-13,11:42,84.466,63.639
1831,2021-09-13,12:42,86.166,61.441
1832,2021-09-13,13:42,87.942,59.096
1833,2021-09-13,14:42,89.1,58.339
1834,2021-09-13,15:42,88.945,55.678
1835,2021-09-13,16:42,87.323,56.947
1836,2021-09-13,17:42,85.006,63.394
1837,2021-09-13,18:42,78.829,76.093
1838,2021-09-13,19:42,71.029,91.917
1839,2021-09-13,20:42,69.64,93.455
1840,2021-09-13,21:42,67.788,93.919
1841,2021-09-13,22:42,66.243,94.31
1842,2021-09-13,23:42,65.316,94.505
1843,2021-09-14,0:42,65.007,94.628
1844,2021-09-14,1:42,65.547,94.774
1845,2021-09-14,2:42,64.157,94.823
1846,2021-09-14,3:42,63.23,94.872
1847,2021-09-14,4:42,63.617,94.994
1848,2021-09-14,5:42,62.227,95.067
1849,2021-09-14,6:42,61.533,95.14
1850,2021-09-14,7:42,65.471,95.165
1851,2021-09-14,8:42,70.18,95.043
1852,2021-09-14,9:42,79.988,83.126
1853,2021-09-14,10:42,85.548,69.621
1854,2021-09-14,11:42,84.853,65.226
1855,2021-09-14,12:42,89.64,58.755
1856,2021-09-14,13:42,90.799,56.044
1857,2021-09-14,14:42,90.489,58.584
1858,2021-09-14,15:42,89.872,60.391
1859,2021-09-14,16:42,89.254,62.051
1860,2021-09-14,17:42,84.389,60.391
1861,2021-09-14,18:42,79.448,73.748
1862,2021-09-14,19:42,73.116,85.104
1863,2021-09-14,20:42,69.485,92.112
1864,2021-09-14,21:42,68.095,93.529
1865,2021-09-14,22:42,67.401,94.139
1866,2021-09-14,23:42,67.71,94.359
1867,2021-09-15,0:42,66.628,94.53
1868,2021-09-15,1:42,65.316,94.701
1869,2021-09-15,2:42,64.929,94.774
1870,2021-09-15,3:42,64.312,94.823
1871,2021-09-15,4:42,62.845,94.945
1872,2021-09-15,5:42,62.382,95.043
1873,2021-09-15,6:42,61.378,95.14
1874,2021-09-15,7:42,63.23,95.165
1875,2021-09-15,8:42,74.35,89.841
1876,2021-09-15,9:42,79.371,74.701
1877,2021-09-15,10:42,83.309,67.521
1878,2021-09-15,11:42,84.234,62.149
1879,2021-09-15,12:42,87.17,56.728
1880,2021-09-15,13:42,89.254,54.432
1881,2021-09-15,14:42,89.949,50.696
1882,2021-09-15,15:42,90.567,49.328
1883,2021-09-15,16:42,85.701,59.683
1884,2021-09-15,17:42,86.32,55.507
1885,2021-09-15,18:42,77.826,78.779
1886,2021-09-15,19:42,70.027,90.501
1887,2021-09-15,20:42,72.961,84.567
1888,2021-09-15,21:42,73.116,74.53
1889,2021-09-15,22:42,71.107,80.977
1890,2021-09-15,23:42,68.713,88.669
1891,2021-09-16,0:42,68.635,89.915
1892,2021-09-16,1:42,67.478,91.99
1893,2021-09-16,2:42,66.783,92.186
1894,2021-09-16,3:42,66.243,93.553
1895,2021-09-16,4:42,66.706,93.993
1896,2021-09-16,5:42,65.316,94.139
1897,2021-09-16,6:42,66.166,94.359
1898,2021-09-16,7:42,67.788,94.359
1899,2021-09-16,8:42,71.184,87.009
1900,2021-09-16,9:42,78.057,76.117
1901,2021-09-16,10:42,82.612,65.446
1902,2021-09-16,11:42,83.539,61.832
1903,2021-09-16,12:42,84.312,62.564
1904,2021-09-16,13:42,83.539,63.614
1905,2021-09-16,14:42,83.154,66.862
1906,2021-09-16,15:42,79.061,76.581
1907,2021-09-16,16:42,79.371,77.558
1908,2021-09-16,17:42,77.517,81.27
1909,2021-09-16,18:42,70.18,92.063
1910,2021-09-16,19:42,69.64,93.895
1911,2021-09-16,20:42,70.027,94.286
1912,2021-09-16,21:42,70.257,94.457
1913,2021-09-16,22:42,70.567,94.603
1914,2021-09-16,23:42,70.257,94.676
1915,2021-09-17,0:42,70.257,94.774
1916,2021-09-17,1:42,69.872,94.799
1917,2021-09-17,2:42,69.562,94.725
1918,2021-09-17,3:42,69.485,94.603
1919,2021-09-17,4:42,69.64,94.652
1920,2021-09-17,5:42,69.408,94.725
1921,2021-09-17,6:42,69.795,94.896
1922,2021-09-17,7:42,70.335,94.896
1923,2021-09-17,8:42,72.111,94.383
1924,2021-09-17,9:42,74.273,91.38
1925,2021-09-17,10:42,74.041,91.99
1926,2021-09-17,11:42,76.899,89.719
1927,2021-09-17,12:42,76.822,88.84
1928,2021-09-17,13:42,78.906,84.176
1929,2021-09-17,14:42,80.528,77.998
1930,2021-09-17,15:42,77.904,84.347
1931,2021-09-17,16:42,82.999,70.305
1932,2021-09-17,17:42,77.749,78.95
1933,2021-09-17,18:42,73.81,87.839
1934,2021-09-17,19:42,70.952,93.187
1935,2021-09-17,20:42,70.18,93.968
1936,2021-09-17,21:42,69.177,94.432
1937,2021-09-17,22:42,67.941,94.628
1938,2021-09-17,23:42,68.328,94.799
1939,2021-09-18,0:42,67.478,94.896
1940,2021-09-18,1:42,66.166,94.994
1941,2021-09-18,2:42,64.699,95.067
1942,2021-09-18,3:42,63.617,95.165
1943,2021-09-18,4:42,64.002,95.214
1944,2021-09-18,5:42,63.694,95.263
1945,2021-09-18,6:42,63.694,95.336
1946,2021-09-18,7:42,65.701,95.336
1947,2021-09-18,8:42,68.405,95.311
1948,2021-09-18,9:42,73.501,95.238
1949,2021-09-18,10:42,79.216,81.074
1950,2021-09-18,11:42,80.451,77.827
1951,2021-09-18,12:42,84.853,66.569
1952,2021-09-18,13:42,87.787,64.982
1953,2021-09-18,14:42,89.562,62.32
1954,2021-09-18,15:42,84.234,66.74
1955,2021-09-18,16:42,83.694,64.322
1956,2021-09-18,17:42,86.473,60.659
1957,2021-09-18,18:42,75.277,82.759
1958,2021-09-18,19:42,68.25,92.503
1959,2021-09-18,20:42,66.319,93.895
1960,2021-09-18,21:42,65.624,94.335
1961,2021-09-18,22:42,64.234,94.603
1962,2021-09-18,23:42,63.772,94.701
1963,2021-09-19,0:42,63.385,94.847
1964,2021-09-19,1:42,62.922,94.945
1965,2021-09-19,2:42,62.073,95.092
1966,2021-09-19,3:42,61.763,95.165
1967,2021-09-19,4:42,61.3,95.263
1968,2021-09-19,5:42,60.528,95.311
1969,2021-09-19,6:42,60.066,95.36
1970,2021-09-19,7:42,63,95.385
1971,2021-09-19,8:42,68.635,88.107
1972,2021-09-19,9:42,72.806,64.762
1973,2021-09-19,10:42,76.359,62.637
1974,2021-09-19,11:42,76.204,61.416
1975,2021-09-19,12:42,77.439,59.438
1976,2021-09-19,13:42,81.84,56.996
1977,2021-09-19,14:42,85.316,49.939
1978,2021-09-19,15:42,83.926,38.852
1979,2021-09-19,16:42,83.232,38.339
1980,2021-09-19,17:42,80.915,41.685
1981,2021-09-19,18:42,67.478,77.143
1982,2021-09-19,19:42,58.444,91.746
1983,2021-09-19,20:42,57.207,93.822
1984,2021-09-19,21:42,55.663,94.383
1985,2021-09-19,22:42,54.351,94.701
1986,2021-09-19,23:42,53.578,94.847
1987,2021-09-20,0:42,53.501,95.018
1988,2021-09-20,1:42,53.114,95.092
1989,2021-09-20,2:42,52.342,95.238
1990,2021-09-20,3:42,52.111,95.287
1991,2021-09-20,4:42,51.184,95.36
1992,2021-09-20,5:42,50.567,95.458
1993,2021-09-20,6:42,50.103,95.531
1994,2021-09-20,7:42,54.273,95.556
1995,2021-09-20,8:42,65.624,95.336
1996,2021-09-20,9:42,72.496,84.2
1997,2021-09-20,10:42,75.895,64.225
1998,2021-09-20,11:42,78.598,60.733
1999,2021-09-20,12:42,80.838,55.458
2000,2021-09-20,13:42,81.455,52.21
2001,2021-09-20,14:42,83.772,51.893
2002,2021-09-20,15:42,80.838,48.742
2003,2021-09-20,16:42,77.904,57.802
2004,2021-09-20,17:42,73.423,68.107
2005,2021-09-20,18:42,68.328,73.993
2006,2021-09-20,19:42,61.763,89.084
2007,2021-09-20,20:42,61.918,88.083
2008,2021-09-20,21:42,61.686,88.059
2009,2021-09-20,22:42,59.061,91.526
2010,2021-09-20,23:42,56.358,93.602
2011,2021-09-21,0:42,55.045,94.261
2012,2021-09-21,1:42,54.196,94.554
2013,2021-09-21,2:42,54.196,94.676
2014,2021-09-21,3:42,56.435,94.799
2015,2021-09-21,4:42,59.756,94.847
2016,2021-09-21,5:42,60.991,94.921
2017,2021-09-21,6:42,59.833,94.872
2018,2021-09-21,7:42,61.763,93.895
2019,2021-09-21,8:42,66.088,89.646
2020,2021-09-21,9:42,75.123,74.701
2021,2021-09-21,10:42,75.663,72.918
2022,2021-09-21,11:42,78.211,67.839
2023,2021-09-21,12:42,82.845,64.786
2024,2021-09-21,13:42,80.143,64.713
2025,2021-09-21,14:42,77.131,70.891
2026,2021-09-21,15:42,81.145,60.635
2027,2021-09-21,16:42,76.977,71.038
2028,2021-09-21,17:42,74.89,77.265
2029,2021-09-21,18:42,72.651,79.853
2030,2021-09-21,19:42,70.799,85.372
2031,2021-09-21,20:42,70.722,81.832
2032,2021-09-21,21:42,69.485,84.469
2033,2021-09-21,22:42,68.095,89.988
2034,2021-09-21,23:42,68.173,91.331
2035,2021-09-22,0:42,67.168,92.308
2036,2021-09-22,1:42,67.246,93.211
2037,2021-09-22,2:42,68.173,94.188
2038,2021-09-22,3:42,67.863,93.895
2039,2021-09-22,4:42,68.868,93.895
2040,2021-09-22,5:42,69.949,93.578
2041,2021-09-22,6:42,71.029,92.967
2042,2021-09-22,7:42,71.649,92.723
2043,2021-09-22,8:42,72.111,92.772
2044,2021-09-22,9:42,76.05,86.007
2045,2021-09-22,10:42,73.81,90.085
2046,2021-09-22,11:42,76.05,91.38
2047,2021-09-22,12:42,74.89,91.258
2048,2021-09-22,13:42,76.977,89.841
2049,2021-09-22,14:42,74.196,92.332
2050,2021-09-22,15:42,76.127,89.866
2051,2021-09-22,16:42,74.196,93.651
2052,2021-09-22,17:42,74.89,91.844
2053,2021-09-22,18:42,69.562,94.286
2054,2021-09-22,19:42,70.644,94.823
2055,2021-09-22,20:42,71.107,94.921
2056,2021-09-22,21:42,71.724,94.994
2057,2021-09-22,22:42,72.574,95.043
2058,2021-09-22,23:42,72.421,94.969
2059,2021-09-23,0:42,72.651,94.383
2060,2021-09-23,1:42,73.193,93.773
2061,2021-09-23,2:42,72.189,94.408
2062,2021-09-23,3:42,72.111,94.799
2063,2021-09-23,4:42,71.956,95.018
2064,2021-09-23,5:42,71.879,95.092
2065,2021-09-23,6:42,61.3,94.896
2066,2021-09-23,7:42,60.528,95.189
2067,2021-09-23,8:42,59.911,95.311
2068,2021-09-23,9:42,60.606,95.385
2069,2021-09-23,10:42,63.462,95.165
2070,2021-09-23,11:42,70.412,88.083
2071,2021-09-23,12:42,72.729,82.882
2072,2021-09-23,13:42,73.965,65.885
2073,2021-09-23,14:42,77.979,61.294
2074,2021-09-23,15:42,78.598,54.017
2075,2021-09-23,16:42,76.359,54.383
2076,2021-09-23,17:42,68.635,64.322
2077,2021-09-23,18:42,64.389,70.159
2078,2021-09-23,19:42,61.455,72.821
2079,2021-09-23,20:42,59.369,74.457
2080,2021-09-23,21:42,56.822,87.985
2081,2021-09-23,22:42,54.041,92.869
2082,2021-09-23,23:42,52.266,93.846
2083,2021-09-24,0:42,50.18,94.359
2084,2021-09-24,1:42,48.405,94.652
2085,2021-09-24,2:42,47.091,94.823
2086,2021-09-24,3:42,46.706,94.921
2087,2021-09-24,4:42,45.779,95.018
2088,2021-09-24,5:42,45.316,95.092
2089,2021-09-24,6:42,44.775,95.214
2090,2021-09-24,7:42,48.79,95.287
2091,2021-09-24,8:42,59.293,94.799
2092,2021-09-24,9:42,67.401,67.155
2093,2021-09-24,10:42,70.722,52.943
2094,2021-09-24,11:42,72.729,46.667
2095,2021-09-24,12:42,74.118,45.055
2096,2021-09-24,13:42,76.127,38.339
2097,2021-09-24,14:42,78.676,38.144
2098,2021-09-24,15:42,77.979,38.046
2099,2021-09-24,16:42,77.131,38.291
2100,2021-09-24,17:42,74.428,41.148
2101,2021-09-24,18:42,59.369,83.101
2102,2021-09-24,19:42,52.961,92.894
2103,2021-09-24,20:42,51.724,94.042
2104,2021-09-24,21:42,50.412,94.53
2105,2021-09-24,22:42,49.795,94.799
2106,2021-09-24,23:42,48.405,94.896
2107,2021-09-25,0:42,47.556,95.067
2108,2021-09-25,1:42,46.629,95.14
2109,2021-09-25,2:42,46.242,95.263
2110,2021-09-25,3:42,45.779,95.336
2111,2021-09-25,4:42,44.697,95.433
2112,2021-09-25,5:42,44.544,95.458
2113,2021-09-25,6:42,43.848,95.507
2114,2021-09-25,7:42,48.096,95.629
2115,2021-09-25,8:42,59.369,95.556
2116,2021-09-25,9:42,70.027,79.56
2117,2021-09-25,10:42,73.038,55.556
2118,2021-09-25,11:42,76.977,49.426
2119,2021-09-25,12:42,77.207,47.692
2120,2021-09-25,13:42,76.282,46.984
2121,2021-09-25,14:42,76.59,46.252
2122,2021-09-25,15:42,78.598,43.639
2123,2021-09-25,16:42,77.826,45.665
2124,2021-09-25,17:42,68.635,70.256
2125,2021-09-25,18:42,63.307,87.985
2126,2021-09-25,19:42,57.13,92.308
2127,2021-09-25,20:42,54.041,93.895
2128,2021-09-25,21:42,53.038,94.408
2129,2021-09-25,22:42,53.269,94.652
2130,2021-09-25,23:42,53.269,94.847
2131,2021-09-26,0:42,54.273,94.921
2132,2021-09-26,1:42,56.899,94.75
2133,2021-09-26,2:42,55.585,91.966
2134,2021-09-26,3:42,56.512,89.646
2135,2021-09-26,4:42,53.811,92.894
2136,2021-09-26,5:42,49.1,94.505
2137,2021-09-26,6:42,51.724,94.994
2138,2021-09-26,7:42,51.417,95.092
2139,2021-09-26,8:42,63.307,74.725
2140,2021-09-26,9:42,67.091,59.487
2141,2021-09-26,10:42,70.722,51.551
2142,2021-09-26,11:42,73.578,43.443
2143,2021-09-26,12:42,73.423,43.077
2144,2021-09-26,13:42,76.512,36.996
2145,2021-09-26,14:42,77.826,36.068
2146,2021-09-26,15:42,76.977,38.071
2147,2021-09-26,16:42,76.977,36.581
2148,2021-09-26,17:42,74.89,39.365
2149,2021-09-26,18:42,59.833,76.923
2150,2021-09-26,19:42,52.961,91.624
2151,2021-09-26,20:42,51.339,93.748
2152,2021-09-26,21:42,50.103,94.408
2153,2021-09-26,22:42,49.408,94.652
2154,2021-09-26,23:42,48.328,94.847
2155,2021-09-27,0:42,47.863,94.921
2156,2021-09-27,1:42,47.786,95.092
2157,2021-09-27,2:42,47.323,95.189
2158,2021-09-27,3:42,46.861,95.263
2159,2021-09-27,4:42,46.706,95.36
2160,2021-09-27,5:42,46.629,95.385
2161,2021-09-27,6:42,46.629,95.531
2162,2021-09-27,7:42,50.18,95.556
2163,2021-09-27,8:42,61.378,95.385
2164,2021-09-27,9:42,72.651,59.829
2165,2021-09-27,10:42,78.751,46.74
2166,2021-09-27,11:42,79.601,42.662
2167,2021-09-27,12:42,81.145,41.612
2168,2021-09-27,13:42,81.532,39.707
2169,2021-09-27,14:42,82.767,38.559
2170,2021-09-27,15:42,81.223,41.319
2171,2021-09-27,16:42,80.065,46.593
2172,2021-09-27,17:42,78.289,52.503
2173,2021-09-27,18:42,65.856,78.535
2174,2021-09-27,19:42,59.524,89.89
2175,2021-09-27,20:42,57.517,92.381
2176,2021-09-27,21:42,56.59,93.333
2177,2021-09-27,22:42,57.979,91.013
2178,2021-09-27,23:42,55.355,93.773
2179,2021-09-28,0:42,54.583,94.554
2180,2021-09-28,1:42,53.269,94.847
2181,2021-09-28,2:42,53.114,94.994
2182,2021-09-28,3:42,52.729,95.043
2183,2021-09-28,4:42,52.497,95.165
2184,2021-09-28,5:42,52.884,95.14
2185,2021-09-28,6:42,53.346,95.189
2186,2021-09-28,7:42,56.667,95.263
2187,2021-09-28,8:42,63,95.116
2188,2021-09-28,9:42,75.045,66.203
2189,2021-09-28,10:42,68.79,84.86
2190,2021-09-28,11:42,72.421,76.532
2191,2021-09-28,12:42,79.448,60.464
2192,2021-09-28,13:42,78.598,59.78
2193,2021-09-28,14:42,79.138,61.661
2194,2021-09-28,15:42,82.072,59.121
2195,2021-09-28,16:42,76.822,67.033
2196,2021-09-28,17:42,74.041,72.967
2197,2021-09-28,18:42,69.949,80.024
2198,2021-09-28,19:42,64.621,88.425
2199,2021-09-28,20:42,63,92.308
2200,2021-09-28,21:42,62.845,93.187
2201,2021-09-28,22:42,61.686,92.772
2202,2021-09-28,23:42,59.446,93.822
2203,2021-09-29,0:42,58.212,93.773
2204,2021-09-29,1:42,56.667,94.53
2205,2021-09-29,2:42,57.207,94.774
2206,2021-09-29,3:42,54.041,94.042
2207,2021-09-29,4:42,55.278,94.725
2208,2021-09-29,5:42,56.127,88.571
2209,2021-09-29,6:42,54.196,90.476
2210,2021-09-29,7:42,53.964,88.962
2211,2021-09-29,8:35,,
2212,2021-09-29,8:35,,
2213,2021-09-29,8:35,,
,,,,
,,,,
,,,,