"","jdate","site","hour","activity"
"1",245,"0505",0,11
"2",246,"0505",0,13
"3",247,"0505",0,7
"4",248,"0505",0,6
"5",249,"0505",0,12
"6",255,"0505",0,234
"7",256,"0505",0,196
"8",257,"0505",0,213
"9",258,"0505",0,21
"10",259,"0505",0,7
"11",260,"0505",0,11
"12",261,"0505",0,6
"13",262,"0505",0,15
"14",263,"0505",0,13
"15",264,"0505",0,167
"16",265,"0505",0,13
"17",266,"0505",0,6
"18",245,"1676",0,12
"19",246,"1676",0,25
"20",247,"1676",0,2
"21",249,"1676",0,7
"22",250,"1676",0,2
"23",251,"1676",0,2
"24",252,"1676",0,5
"25",259,"1676",0,10
"26",260,"1676",0,27
"27",261,"1676",0,23
"28",262,"1676",0,18
"29",263,"1676",0,2
"30",264,"1676",0,15
"31",265,"1676",0,1
"32",266,"1676",0,6
"33",238,"1708",0,1
"34",239,"1708",0,4
"35",240,"1708",0,6
"36",241,"1708",0,13
"37",242,"1708",0,10
"38",243,"1708",0,5
"39",267,"1708",0,63
"40",268,"1708",0,4
"41",269,"1708",0,7
"42",270,"1708",0,161
"43",238,"2198",0,3
"44",239,"2198",0,8
"45",240,"2198",0,6
"46",241,"2198",0,5
"47",242,"2198",0,6
"48",243,"2198",0,1
"49",267,"2198",0,6
"50",268,"2198",0,8
"51",269,"2198",0,18
"52",270,"2198",0,22
"53",239,"2207",0,2
"54",240,"2207",0,4
"55",241,"2207",0,7
"56",242,"2207",0,9
"57",263,"2207",0,19
"58",264,"2207",0,194
"59",265,"2207",0,10
"60",266,"2207",0,9
"61",245,"4604",0,9
"62",246,"4604",0,7
"63",247,"4604",0,95
"64",248,"4604",0,8
"65",249,"4604",0,9
"66",250,"4604",0,42
"67",255,"4604",0,8
"68",256,"4604",0,8
"69",257,"4604",0,2
"70",258,"4604",0,7
"71",259,"4604",0,1
"72",260,"4604",0,2
"73",261,"4604",0,10
"74",262,"4604",0,8
"75",263,"4604",0,5
"76",264,"4604",0,132
"77",265,"4604",0,1
"78",266,"4604",0,6
"79",239,"4608",0,94
"80",240,"4608",0,14
"81",241,"4608",0,32
"82",242,"4608",0,96
"83",243,"4608",0,2
"84",267,"4608",0,4
"85",268,"4608",0,4
"86",269,"4608",0,11
"87",270,"4608",0,165
"88",245,"4614",0,14
"89",246,"4614",0,20
"90",247,"4614",0,196
"91",248,"4614",0,15
"92",249,"4614",0,21
"93",250,"4614",0,62
"94",251,"4614",0,159
"95",252,"4614",0,35
"96",255,"4614",0,57
"97",256,"4614",0,41
"98",257,"4614",0,73
"99",258,"4614",0,15
"100",259,"4614",0,7
"101",260,"4614",0,9
"102",261,"4614",0,2
"103",262,"4614",0,8
"104",267,"4614",0,4
"105",268,"4614",0,8
"106",269,"4614",0,12
"107",270,"4614",0,73
"108",239,"4655",0,26
"109",240,"4655",0,7
"110",241,"4655",0,5
"111",242,"4655",0,6
"112",243,"4655",0,2
"113",263,"4655",0,2
"114",264,"4655",0,14
"115",266,"4655",0,5
"116",245,"4672",0,20
"117",246,"4672",0,18
"118",247,"4672",0,105
"119",248,"4672",0,23
"120",249,"4672",0,84
"121",250,"4672",0,160
"122",251,"4672",0,227
"123",252,"4672",0,46
"124",255,"4672",0,153
"125",256,"4672",0,90
"126",257,"4672",0,117
"127",258,"4672",0,104
"128",259,"4672",0,16
"129",260,"4672",0,12
"130",261,"4672",0,219
"131",262,"4672",0,10
"132",267,"4672",0,10
"133",268,"4672",0,7
"134",269,"4672",0,13
"135",270,"4672",0,12
"136",245,"0505",1,16
"137",246,"0505",1,9
"138",247,"0505",1,7
"139",248,"0505",1,19
"140",249,"0505",1,9
"141",255,"0505",1,234
"142",256,"0505",1,199
"143",257,"0505",1,107
"144",258,"0505",1,27
"145",259,"0505",1,18
"146",260,"0505",1,12
"147",261,"0505",1,18
"148",262,"0505",1,13
"149",263,"0505",1,4
"150",264,"0505",1,212
"151",265,"0505",1,1
"152",266,"0505",1,12
"153",245,"1676",1,5
"154",246,"1676",1,8
"155",247,"1676",1,1
"156",248,"1676",1,8
"157",249,"1676",1,1
"158",250,"1676",1,3
"159",251,"1676",1,4
"160",252,"1676",1,7
"161",259,"1676",1,6
"162",260,"1676",1,8
"163",261,"1676",1,6
"164",262,"1676",1,6
"165",263,"1676",1,3
"166",264,"1676",1,89
"167",266,"1676",1,8
"168",239,"1708",1,11
"169",240,"1708",1,3
"170",241,"1708",1,4
"171",242,"1708",1,8
"172",243,"1708",1,3
"173",244,"1708",1,1
"174",267,"1708",1,6
"175",268,"1708",1,9
"176",269,"1708",1,5
"177",270,"1708",1,199
"178",238,"2198",1,1
"179",239,"2198",1,6
"180",240,"2198",1,26
"181",241,"2198",1,7
"182",242,"2198",1,9
"183",243,"2198",1,1
"184",267,"2198",1,3
"185",268,"2198",1,9
"186",269,"2198",1,2
"187",270,"2198",1,7
"188",238,"2207",1,2
"189",239,"2207",1,6
"190",240,"2207",1,2
"191",241,"2207",1,9
"192",242,"2207",1,9
"193",243,"2207",1,2
"194",263,"2207",1,8
"195",264,"2207",1,225
"196",265,"2207",1,30
"197",266,"2207",1,6
"198",245,"4604",1,13
"199",246,"4604",1,8
"200",247,"4604",1,32
"201",248,"4604",1,9
"202",249,"4604",1,13
"203",250,"4604",1,35
"204",255,"4604",1,7
"205",256,"4604",1,3
"206",257,"4604",1,6
"207",260,"4604",1,2
"208",261,"4604",1,5
"209",262,"4604",1,3
"210",263,"4604",1,9
"211",264,"4604",1,31
"212",266,"4604",1,9
"213",239,"4608",1,133
"214",240,"4608",1,5
"215",241,"4608",1,102
"216",242,"4608",1,114
"217",243,"4608",1,3
"218",267,"4608",1,5
"219",268,"4608",1,8
"220",269,"4608",1,4
"221",270,"4608",1,67
"222",245,"4614",1,12
"223",246,"4614",1,17
"224",247,"4614",1,124
"225",248,"4614",1,3
"226",249,"4614",1,12
"227",250,"4614",1,26
"228",251,"4614",1,147
"229",252,"4614",1,22
"230",255,"4614",1,32
"231",256,"4614",1,59
"232",257,"4614",1,99
"233",258,"4614",1,14
"234",259,"4614",1,10
"235",260,"4614",1,3
"236",261,"4614",1,4
"237",262,"4614",1,7
"238",267,"4614",1,3
"239",268,"4614",1,11
"240",269,"4614",1,2
"241",270,"4614",1,7
"242",239,"4655",1,26
"243",240,"4655",1,8
"244",241,"4655",1,9
"245",242,"4655",1,21
"246",243,"4655",1,78
"247",244,"4655",1,1
"248",263,"4655",1,7
"249",264,"4655",1,44
"250",266,"4655",1,7
"251",245,"4672",1,14
"252",246,"4672",1,24
"253",247,"4672",1,51
"254",248,"4672",1,3
"255",249,"4672",1,66
"256",250,"4672",1,114
"257",251,"4672",1,180
"258",252,"4672",1,28
"259",255,"4672",1,170
"260",256,"4672",1,206
"261",257,"4672",1,135
"262",258,"4672",1,19
"263",259,"4672",1,11
"264",260,"4672",1,12
"265",261,"4672",1,79
"266",262,"4672",1,8
"267",267,"4672",1,3
"268",268,"4672",1,9
"269",269,"4672",1,5
"270",270,"4672",1,9
"271",245,"0505",2,8
"272",246,"0505",2,9
"273",247,"0505",2,6
"274",248,"0505",2,7
"275",249,"0505",2,21
"276",255,"0505",2,234
"277",256,"0505",2,201
"278",257,"0505",2,118
"279",258,"0505",2,13
"280",259,"0505",2,22
"281",260,"0505",2,4
"282",261,"0505",2,17
"283",262,"0505",2,10
"284",263,"0505",2,11
"285",264,"0505",2,150
"286",265,"0505",2,4
"287",266,"0505",2,6
"288",245,"1676",2,10
"289",246,"1676",2,6
"290",247,"1676",2,2
"291",248,"1676",2,4
"292",249,"1676",2,12
"293",250,"1676",2,4
"294",251,"1676",2,1
"295",252,"1676",2,12
"296",259,"1676",2,28
"297",260,"1676",2,6
"298",261,"1676",2,8
"299",262,"1676",2,4
"300",263,"1676",2,7
"301",264,"1676",2,32
"302",265,"1676",2,2
"303",266,"1676",2,8
"304",238,"1708",2,2
"305",239,"1708",2,9
"306",240,"1708",2,6
"307",241,"1708",2,4
"308",242,"1708",2,17
"309",243,"1708",2,3
"310",267,"1708",2,7
"311",268,"1708",2,14
"312",269,"1708",2,9
"313",270,"1708",2,134
"314",238,"2198",2,2
"315",239,"2198",2,7
"316",240,"2198",2,9
"317",241,"2198",2,3
"318",242,"2198",2,1
"319",243,"2198",2,1
"320",267,"2198",2,6
"321",268,"2198",2,17
"322",269,"2198",2,4
"323",270,"2198",2,40
"324",238,"2207",2,4
"325",239,"2207",2,3
"326",240,"2207",2,2
"327",241,"2207",2,9
"328",242,"2207",2,3
"329",243,"2207",2,5
"330",244,"2207",2,4
"331",263,"2207",2,11
"332",264,"2207",2,160
"333",265,"2207",2,52
"334",266,"2207",2,5
"335",245,"4604",2,8
"336",246,"4604",2,10
"337",247,"4604",2,14
"338",248,"4604",2,12
"339",249,"4604",2,9
"340",250,"4604",2,29
"341",255,"4604",2,10
"342",257,"4604",2,4
"343",258,"4604",2,2
"344",259,"4604",2,2
"345",260,"4604",2,1
"346",261,"4604",2,3
"347",262,"4604",2,12
"348",263,"4604",2,30
"349",264,"4604",2,27
"350",265,"4604",2,62
"351",266,"4604",2,14
"352",239,"4608",2,134
"353",240,"4608",2,7
"354",241,"4608",2,38
"355",242,"4608",2,71
"356",243,"4608",2,8
"357",244,"4608",2,3
"358",267,"4608",2,5
"359",268,"4608",2,17
"360",269,"4608",2,6
"361",270,"4608",2,5
"362",245,"4614",2,17
"363",246,"4614",2,12
"364",247,"4614",2,12
"365",249,"4614",2,13
"366",250,"4614",2,20
"367",251,"4614",2,69
"368",252,"4614",2,32
"369",255,"4614",2,53
"370",256,"4614",2,19
"371",257,"4614",2,12
"372",258,"4614",2,36
"373",259,"4614",2,14
"374",260,"4614",2,11
"375",261,"4614",2,3
"376",262,"4614",2,9
"377",267,"4614",2,5
"378",268,"4614",2,27
"379",269,"4614",2,12
"380",270,"4614",2,3
"381",239,"4655",2,12
"382",240,"4655",2,4
"383",241,"4655",2,5
"384",242,"4655",2,7
"385",243,"4655",2,42
"386",263,"4655",2,5
"387",264,"4655",2,18
"388",266,"4655",2,7
"389",245,"4672",2,11
"390",246,"4672",2,28
"391",247,"4672",2,23
"392",248,"4672",2,20
"393",249,"4672",2,24
"394",250,"4672",2,127
"395",251,"4672",2,147
"396",252,"4672",2,56
"397",255,"4672",2,201
"398",256,"4672",2,238
"399",257,"4672",2,62
"400",258,"4672",2,26
"401",259,"4672",2,13
"402",260,"4672",2,8
"403",261,"4672",2,8
"404",262,"4672",2,15
"405",267,"4672",2,5
"406",268,"4672",2,13
"407",269,"4672",2,2
"408",270,"4672",2,65
"409",245,"0505",3,8
"410",246,"0505",3,11
"411",247,"0505",3,3
"412",249,"0505",3,3
"413",255,"0505",3,93
"414",256,"0505",3,175
"415",257,"0505",3,81
"416",258,"0505",3,15
"417",259,"0505",3,18
"418",260,"0505",3,4
"419",261,"0505",3,8
"420",262,"0505",3,12
"421",263,"0505",3,10
"422",264,"0505",3,135
"423",265,"0505",3,1
"424",266,"0505",3,13
"425",245,"1676",3,14
"426",246,"1676",3,8
"427",248,"1676",3,1
"428",249,"1676",3,4
"429",250,"1676",3,4
"430",251,"1676",3,2
"431",252,"1676",3,46
"432",259,"1676",3,11
"433",260,"1676",3,11
"434",261,"1676",3,5
"435",262,"1676",3,6
"436",263,"1676",3,9
"437",264,"1676",3,6
"438",265,"1676",3,2
"439",266,"1676",3,13
"440",238,"1708",3,7
"441",239,"1708",3,6
"442",240,"1708",3,10
"443",241,"1708",3,7
"444",242,"1708",3,13
"445",243,"1708",3,19
"446",267,"1708",3,6
"447",268,"1708",3,21
"448",269,"1708",3,7
"449",270,"1708",3,105
"450",238,"2198",3,5
"451",239,"2198",3,6
"452",240,"2198",3,6
"453",241,"2198",3,4
"454",242,"2198",3,2
"455",243,"2198",3,10
"456",244,"2198",3,1
"457",267,"2198",3,2
"458",268,"2198",3,19
"459",269,"2198",3,3
"460",270,"2198",3,39
"461",238,"2207",3,8
"462",239,"2207",3,6
"463",240,"2207",3,3
"464",241,"2207",3,10
"465",242,"2207",3,10
"466",243,"2207",3,13
"467",244,"2207",3,4
"468",263,"2207",3,5
"469",264,"2207",3,110
"470",265,"2207",3,6
"471",266,"2207",3,5
"472",245,"4604",3,6
"473",246,"4604",3,10
"474",247,"4604",3,6
"475",248,"4604",3,1
"476",249,"4604",3,3
"477",250,"4604",3,20
"478",255,"4604",3,14
"479",256,"4604",3,3
"480",257,"4604",3,3
"481",258,"4604",3,2
"482",259,"4604",3,11
"483",261,"4604",3,5
"484",262,"4604",3,9
"485",263,"4604",3,12
"486",264,"4604",3,16
"487",265,"4604",3,74
"488",266,"4604",3,9
"489",239,"4608",3,162
"490",240,"4608",3,3
"491",241,"4608",3,19
"492",242,"4608",3,66
"493",243,"4608",3,12
"494",244,"4608",3,7
"495",267,"4608",3,4
"496",268,"4608",3,11
"497",269,"4608",3,6
"498",270,"4608",3,4
"499",245,"4614",3,12
"500",246,"4614",3,11
"501",247,"4614",3,12
"502",249,"4614",3,5
"503",250,"4614",3,25
"504",251,"4614",3,41
"505",252,"4614",3,35
"506",255,"4614",3,15
"507",256,"4614",3,13
"508",257,"4614",3,8
"509",258,"4614",3,6
"510",259,"4614",3,12
"511",260,"4614",3,9
"512",261,"4614",3,5
"513",262,"4614",3,6
"514",267,"4614",3,4
"515",268,"4614",3,21
"516",269,"4614",3,5
"517",270,"4614",3,1
"518",239,"4655",3,33
"519",240,"4655",3,10
"520",241,"4655",3,3
"521",242,"4655",3,7
"522",243,"4655",3,10
"523",244,"4655",3,2
"524",263,"4655",3,9
"525",264,"4655",3,13
"526",265,"4655",3,1
"527",266,"4655",3,15
"528",245,"4672",3,22
"529",246,"4672",3,12
"530",247,"4672",3,15
"531",249,"4672",3,33
"532",250,"4672",3,142
"533",251,"4672",3,15
"534",252,"4672",3,44
"535",255,"4672",3,199
"536",256,"4672",3,98
"537",257,"4672",3,31
"538",258,"4672",3,17
"539",259,"4672",3,13
"540",260,"4672",3,4
"541",261,"4672",3,18
"542",262,"4672",3,13
"543",267,"4672",3,2
"544",268,"4672",3,17
"545",269,"4672",3,4
"546",270,"4672",3,7
"547",245,"0505",4,8
"548",246,"0505",4,3
"549",247,"0505",4,11
"550",249,"0505",4,4
"551",255,"0505",4,148
"552",256,"0505",4,79
"553",257,"0505",4,96
"554",258,"0505",4,17
"555",259,"0505",4,7
"556",260,"0505",4,11
"557",261,"0505",4,9
"558",262,"0505",4,16
"559",263,"0505",4,17
"560",264,"0505",4,100
"561",265,"0505",4,1
"562",266,"0505",4,4
"563",245,"1676",4,11
"564",246,"1676",4,5
"565",247,"1676",4,3
"566",248,"1676",4,1
"567",249,"1676",4,2
"568",250,"1676",4,3
"569",252,"1676",4,10
"570",259,"1676",4,6
"571",260,"1676",4,9
"572",261,"1676",4,5
"573",262,"1676",4,6
"574",263,"1676",4,5
"575",264,"1676",4,3
"576",266,"1676",4,10
"577",238,"1708",4,2
"578",239,"1708",4,10
"579",240,"1708",4,13
"580",241,"1708",4,15
"581",242,"1708",4,8
"582",243,"1708",4,6
"583",244,"1708",4,2
"584",267,"1708",4,3
"585",268,"1708",4,27
"586",269,"1708",4,6
"587",270,"1708",4,24
"588",238,"2198",4,5
"589",239,"2198",4,4
"590",240,"2198",4,1
"591",241,"2198",4,5
"592",242,"2198",4,5
"593",243,"2198",4,4
"594",244,"2198",4,8
"595",267,"2198",4,5
"596",268,"2198",4,11
"597",269,"2198",4,10
"598",270,"2198",4,23
"599",238,"2207",4,7
"600",239,"2207",4,19
"601",240,"2207",4,3
"602",241,"2207",4,18
"603",242,"2207",4,7
"604",243,"2207",4,11
"605",244,"2207",4,7
"606",263,"2207",4,7
"607",264,"2207",4,37
"608",266,"2207",4,7
"609",245,"4604",4,5
"610",246,"4604",4,11
"611",247,"4604",4,12
"612",248,"4604",4,1
"613",249,"4604",4,1
"614",250,"4604",4,7
"615",255,"4604",4,7
"616",256,"4604",4,2
"617",257,"4604",4,5
"618",258,"4604",4,1
"619",259,"4604",4,1
"620",261,"4604",4,2
"621",262,"4604",4,17
"622",263,"4604",4,10
"623",264,"4604",4,20
"624",265,"4604",4,4
"625",266,"4604",4,25
"626",239,"4608",4,159
"627",240,"4608",4,6
"628",241,"4608",4,19
"629",242,"4608",4,73
"630",243,"4608",4,4
"631",244,"4608",4,8
"632",267,"4608",4,5
"633",268,"4608",4,7
"634",269,"4608",4,4
"635",270,"4608",4,1
"636",245,"4614",4,17
"637",246,"4614",4,11
"638",247,"4614",4,22
"639",249,"4614",4,11
"640",250,"4614",4,15
"641",251,"4614",4,20
"642",252,"4614",4,18
"643",255,"4614",4,9
"644",256,"4614",4,8
"645",257,"4614",4,16
"646",258,"4614",4,7
"647",259,"4614",4,11
"648",260,"4614",4,4
"649",261,"4614",4,4
"650",262,"4614",4,5
"651",267,"4614",4,3
"652",268,"4614",4,17
"653",269,"4614",4,10
"654",270,"4614",4,6
"655",239,"4655",4,17
"656",240,"4655",4,3
"657",241,"4655",4,5
"658",242,"4655",4,9
"659",243,"4655",4,5
"660",244,"4655",4,35
"661",263,"4655",4,11
"662",264,"4655",4,9
"663",266,"4655",4,13
"664",245,"4672",4,17
"665",246,"4672",4,9
"666",247,"4672",4,25
"667",249,"4672",4,30
"668",250,"4672",4,206
"669",251,"4672",4,36
"670",252,"4672",4,43
"671",255,"4672",4,233
"672",256,"4672",4,53
"673",257,"4672",4,26
"674",258,"4672",4,9
"675",259,"4672",4,5
"676",260,"4672",4,11
"677",261,"4672",4,10
"678",262,"4672",4,17
"679",267,"4672",4,5
"680",268,"4672",4,20
"681",269,"4672",4,12
"682",270,"4672",4,4
"683",245,"0505",5,13
"684",246,"0505",5,12
"685",247,"0505",5,3
"686",248,"0505",5,4
"687",249,"0505",5,3
"688",255,"0505",5,18
"689",256,"0505",5,77
"690",257,"0505",5,45
"691",258,"0505",5,12
"692",259,"0505",5,49
"693",260,"0505",5,23
"694",261,"0505",5,10
"695",262,"0505",5,22
"696",263,"0505",5,16
"697",264,"0505",5,120
"698",265,"0505",5,1
"699",266,"0505",5,9
"700",245,"1676",5,14
"701",246,"1676",5,5
"702",247,"1676",5,2
"703",248,"1676",5,1
"704",249,"1676",5,9
"705",250,"1676",5,5
"706",251,"1676",5,4
"707",252,"1676",5,5
"708",259,"1676",5,19
"709",260,"1676",5,10
"710",261,"1676",5,3
"711",262,"1676",5,2
"712",263,"1676",5,5
"713",264,"1676",5,17
"714",265,"1676",5,1
"715",266,"1676",5,9
"716",238,"1708",5,7
"717",239,"1708",5,2
"718",240,"1708",5,14
"719",241,"1708",5,13
"720",242,"1708",5,5
"721",244,"1708",5,15
"722",267,"1708",5,10
"723",268,"1708",5,37
"724",269,"1708",5,1
"725",270,"1708",5,14
"726",238,"2198",5,3
"727",239,"2198",5,7
"728",241,"2198",5,9
"729",242,"2198",5,5
"730",244,"2198",5,6
"731",267,"2198",5,2
"732",268,"2198",5,13
"733",269,"2198",5,2
"734",270,"2198",5,19
"735",238,"2207",5,11
"736",239,"2207",5,16
"737",240,"2207",5,2
"738",241,"2207",5,7
"739",242,"2207",5,4
"740",243,"2207",5,3
"741",244,"2207",5,8
"742",263,"2207",5,11
"743",264,"2207",5,12
"744",265,"2207",5,2
"745",266,"2207",5,9
"746",245,"4604",5,13
"747",246,"4604",5,9
"748",247,"4604",5,13
"749",248,"4604",5,6
"750",249,"4604",5,4
"751",250,"4604",5,14
"752",255,"4604",5,18
"753",256,"4604",5,1
"754",257,"4604",5,10
"755",258,"4604",5,1
"756",259,"4604",5,1
"757",260,"4604",5,3
"758",261,"4604",5,7
"759",262,"4604",5,11
"760",263,"4604",5,15
"761",264,"4604",5,38
"762",266,"4604",5,10
"763",239,"4608",5,20
"764",241,"4608",5,6
"765",242,"4608",5,26
"766",244,"4608",5,6
"767",267,"4608",5,7
"768",268,"4608",5,16
"769",269,"4608",5,6
"770",270,"4608",5,6
"771",245,"4614",5,22
"772",246,"4614",5,8
"773",247,"4614",5,8
"774",249,"4614",5,3
"775",250,"4614",5,11
"776",251,"4614",5,7
"777",252,"4614",5,12
"778",255,"4614",5,16
"779",256,"4614",5,16
"780",257,"4614",5,26
"781",258,"4614",5,1
"782",259,"4614",5,7
"783",260,"4614",5,9
"784",261,"4614",5,8
"785",262,"4614",5,7
"786",267,"4614",5,5
"787",268,"4614",5,10
"788",269,"4614",5,4
"789",270,"4614",5,3
"790",239,"4655",5,17
"791",240,"4655",5,12
"792",241,"4655",5,4
"793",242,"4655",5,7
"794",243,"4655",5,9
"795",244,"4655",5,38
"796",263,"4655",5,11
"797",264,"4655",5,14
"798",266,"4655",5,12
"799",245,"4672",5,18
"800",246,"4672",5,13
"801",247,"4672",5,27
"802",248,"4672",5,1
"803",249,"4672",5,64
"804",250,"4672",5,197
"805",252,"4672",5,37
"806",255,"4672",5,61
"807",256,"4672",5,30
"808",257,"4672",5,31
"809",258,"4672",5,17
"810",259,"4672",5,17
"811",260,"4672",5,13
"812",261,"4672",5,7
"813",262,"4672",5,6
"814",267,"4672",5,4
"815",268,"4672",5,25
"816",269,"4672",5,20
"817",270,"4672",5,3
"818",247,"0505",6,3
"819",248,"0505",6,1
"820",249,"0505",6,1
"821",255,"0505",6,20
"822",256,"0505",6,42
"823",257,"0505",6,33
"824",258,"0505",6,20
"825",259,"0505",6,39
"826",260,"0505",6,12
"827",261,"0505",6,15
"828",262,"0505",6,32
"829",263,"0505",6,33
"830",264,"0505",6,105
"831",265,"0505",6,61
"832",266,"0505",6,6
"833",245,"1676",6,2
"834",246,"1676",6,2
"835",248,"1676",6,1
"836",249,"1676",6,2
"837",250,"1676",6,3
"838",251,"1676",6,3
"839",252,"1676",6,15
"840",259,"1676",6,62
"841",260,"1676",6,19
"842",261,"1676",6,6
"843",262,"1676",6,9
"844",263,"1676",6,4
"845",264,"1676",6,31
"846",265,"1676",6,43
"847",266,"1676",6,3
"848",238,"1708",6,4
"849",239,"1708",6,10
"850",240,"1708",6,4
"851",241,"1708",6,4
"852",242,"1708",6,3
"853",243,"1708",6,4
"854",244,"1708",6,2
"855",267,"1708",6,6
"856",268,"1708",6,20
"857",269,"1708",6,1
"858",270,"1708",6,7
"859",238,"2198",6,1
"860",239,"2198",6,4
"861",240,"2198",6,1
"862",242,"2198",6,5
"863",244,"2198",6,2
"864",267,"2198",6,2
"865",268,"2198",6,11
"866",269,"2198",6,2
"867",270,"2198",6,11
"868",239,"2207",6,9
"869",240,"2207",6,5
"870",241,"2207",6,2
"871",242,"2207",6,1
"872",243,"2207",6,4
"873",263,"2207",6,12
"874",264,"2207",6,76
"875",265,"2207",6,47
"876",266,"2207",6,4
"877",245,"4604",6,1
"878",246,"4604",6,1
"879",247,"4604",6,1
"880",248,"4604",6,8
"881",249,"4604",6,1
"882",250,"4604",6,3
"883",255,"4604",6,4
"884",256,"4604",6,7
"885",257,"4604",6,6
"886",258,"4604",6,7
"887",259,"4604",6,9
"888",260,"4604",6,11
"889",261,"4604",6,13
"890",262,"4604",6,14
"891",263,"4604",6,15
"892",264,"4604",6,21
"893",266,"4604",6,8
"894",239,"4608",6,5
"895",240,"4608",6,3
"896",241,"4608",6,8
"897",242,"4608",6,15
"898",243,"4608",6,7
"899",244,"4608",6,4
"900",267,"4608",6,4
"901",268,"4608",6,28
"902",270,"4608",6,4
"903",245,"4614",6,5
"904",247,"4614",6,3
"905",249,"4614",6,2
"906",250,"4614",6,18
"907",251,"4614",6,5
"908",252,"4614",6,2
"909",255,"4614",6,18
"910",256,"4614",6,9
"911",257,"4614",6,5
"912",258,"4614",6,7
"913",259,"4614",6,13
"914",260,"4614",6,3
"915",261,"4614",6,11
"916",262,"4614",6,7
"917",267,"4614",6,6
"918",268,"4614",6,10
"919",269,"4614",6,4
"920",270,"4614",6,4
"921",239,"4655",6,5
"922",240,"4655",6,2
"923",241,"4655",6,4
"924",242,"4655",6,7
"925",243,"4655",6,1
"926",244,"4655",6,6
"927",263,"4655",6,10
"928",264,"4655",6,6
"929",266,"4655",6,9
"930",245,"4672",6,10
"931",246,"4672",6,2
"932",247,"4672",6,6
"933",249,"4672",6,13
"934",250,"4672",6,17
"935",252,"4672",6,15
"936",255,"4672",6,19
"937",256,"4672",6,25
"938",257,"4672",6,18
"939",258,"4672",6,24
"940",259,"4672",6,16
"941",260,"4672",6,15
"942",261,"4672",6,14
"943",262,"4672",6,30
"944",267,"4672",6,9
"945",268,"4672",6,15
"946",269,"4672",6,1
"947",270,"4672",6,1
"948",257,"0505",7,2
"949",261,"0505",7,1
"950",258,"4604",7,2
"951",259,"0505",18,11
"952",266,"1676",18,2
"953",266,"2207",18,3
"954",258,"4604",18,1
"955",262,"4604",18,1
"956",262,"4614",18,1
"957",264,"4655",18,8
"958",245,"0505",19,1
"959",246,"0505",19,1
"960",248,"0505",19,8
"961",249,"0505",19,1
"962",255,"0505",19,69
"963",256,"0505",19,91
"964",257,"0505",19,70
"965",258,"0505",19,57
"966",259,"0505",19,61
"967",260,"0505",19,13
"968",261,"0505",19,18
"969",262,"0505",19,6
"970",263,"0505",19,2
"971",264,"0505",19,24
"972",265,"0505",19,55
"973",266,"0505",19,128
"974",246,"1676",19,1
"975",247,"1676",19,2
"976",249,"1676",19,3
"977",250,"1676",19,3
"978",252,"1676",19,1
"979",259,"1676",19,36
"980",260,"1676",19,48
"981",261,"1676",19,45
"982",262,"1676",19,14
"983",264,"1676",19,33
"984",265,"1676",19,63
"985",266,"1676",19,74
"986",239,"1708",19,1
"987",241,"1708",19,2
"988",242,"1708",19,1
"989",243,"1708",19,2
"990",267,"1708",19,7
"991",268,"1708",19,101
"992",269,"1708",19,63
"993",270,"1708",19,95
"994",242,"2198",19,1
"995",244,"2198",19,5
"996",267,"2198",19,6
"997",268,"2198",19,61
"998",269,"2198",19,11
"999",270,"2198",19,62
"1000",263,"2207",19,5
"1001",264,"2207",19,67
"1002",265,"2207",19,67
"1003",266,"2207",19,54
"1004",246,"4604",19,1
"1005",248,"4604",19,11
"1006",249,"4604",19,3
"1007",250,"4604",19,3
"1008",255,"4604",19,6
"1009",256,"4604",19,15
"1010",257,"4604",19,11
"1011",258,"4604",19,33
"1012",261,"4604",19,4
"1013",262,"4604",19,2
"1014",263,"4604",19,16
"1015",264,"4604",19,62
"1016",266,"4604",19,45
"1017",239,"4608",19,9
"1018",242,"4608",19,2
"1019",243,"4608",19,5
"1020",267,"4608",19,8
"1021",268,"4608",19,18
"1022",269,"4608",19,35
"1023",270,"4608",19,126
"1024",245,"4614",19,7
"1025",246,"4614",19,9
"1026",247,"4614",19,6
"1027",248,"4614",19,27
"1028",249,"4614",19,13
"1029",250,"4614",19,24
"1030",251,"4614",19,17
"1031",252,"4614",19,3
"1032",255,"4614",19,39
"1033",256,"4614",19,25
"1034",257,"4614",19,38
"1035",258,"4614",19,16
"1036",259,"4614",19,19
"1037",260,"4614",19,5
"1038",261,"4614",19,15
"1039",262,"4614",19,3
"1040",267,"4614",19,2
"1041",268,"4614",19,4
"1042",269,"4614",19,8
"1043",270,"4614",19,9
"1044",242,"4655",19,1
"1045",243,"4655",19,1
"1046",263,"4655",19,9
"1047",264,"4655",19,6
"1048",266,"4655",19,4
"1049",245,"4672",19,5
"1050",246,"4672",19,4
"1051",247,"4672",19,3
"1052",248,"4672",19,10
"1053",249,"4672",19,7
"1054",250,"4672",19,5
"1055",251,"4672",19,14
"1056",252,"4672",19,42
"1057",255,"4672",19,69
"1058",256,"4672",19,80
"1059",257,"4672",19,77
"1060",258,"4672",19,90
"1061",259,"4672",19,42
"1062",260,"4672",19,19
"1063",261,"4672",19,75
"1064",262,"4672",19,4
"1065",267,"4672",19,10
"1066",268,"4672",19,85
"1067",269,"4672",19,19
"1068",270,"4672",19,172
"1069",245,"0505",20,14
"1070",246,"0505",20,4
"1071",247,"0505",20,7
"1072",248,"0505",20,53
"1073",249,"0505",20,59
"1074",255,"0505",20,209
"1075",256,"0505",20,178
"1076",257,"0505",20,231
"1077",258,"0505",20,210
"1078",259,"0505",20,5
"1079",260,"0505",20,14
"1080",261,"0505",20,138
"1081",262,"0505",20,2
"1082",263,"0505",20,8
"1083",264,"0505",20,55
"1084",265,"0505",20,37
"1085",266,"0505",20,92
"1086",245,"1676",20,3
"1087",247,"1676",20,2
"1088",249,"1676",20,9
"1089",250,"1676",20,3
"1090",251,"1676",20,8
"1091",252,"1676",20,8
"1092",259,"1676",20,152
"1093",260,"1676",20,77
"1094",261,"1676",20,102
"1095",262,"1676",20,5
"1096",263,"1676",20,8
"1097",264,"1676",20,31
"1098",265,"1676",20,46
"1099",266,"1676",20,18
"1100",238,"1708",20,5
"1101",239,"1708",20,3
"1102",240,"1708",20,7
"1103",241,"1708",20,14
"1104",242,"1708",20,13
"1105",243,"1708",20,4
"1106",267,"1708",20,11
"1107",268,"1708",20,59
"1108",269,"1708",20,42
"1109",270,"1708",20,163
"1110",238,"2198",20,12
"1111",239,"2198",20,5
"1112",240,"2198",20,7
"1113",241,"2198",20,7
"1114",242,"2198",20,7
"1115",243,"2198",20,11
"1116",244,"2198",20,9
"1117",267,"2198",20,3
"1118",268,"2198",20,25
"1119",269,"2198",20,26
"1120",270,"2198",20,53
"1121",239,"2207",20,3
"1122",240,"2207",20,5
"1123",241,"2207",20,4
"1124",242,"2207",20,6
"1125",243,"2207",20,5
"1126",244,"2207",20,3
"1127",263,"2207",20,25
"1128",264,"2207",20,137
"1129",265,"2207",20,38
"1130",266,"2207",20,17
"1131",245,"4604",20,17
"1132",246,"4604",20,26
"1133",247,"4604",20,12
"1134",248,"4604",20,46
"1135",249,"4604",20,44
"1136",250,"4604",20,39
"1137",255,"4604",20,6
"1138",256,"4604",20,12
"1139",257,"4604",20,4
"1140",258,"4604",20,16
"1141",259,"4604",20,2
"1142",260,"4604",20,1
"1143",261,"4604",20,34
"1144",263,"4604",20,1
"1145",264,"4604",20,157
"1146",265,"4604",20,1
"1147",266,"4604",20,19
"1148",239,"4608",20,19
"1149",240,"4608",20,21
"1150",241,"4608",20,7
"1151",242,"4608",20,24
"1152",243,"4608",20,13
"1153",244,"4608",20,1
"1154",267,"4608",20,7
"1155",268,"4608",20,38
"1156",269,"4608",20,16
"1157",270,"4608",20,152
"1158",245,"4614",20,58
"1159",246,"4614",20,15
"1160",247,"4614",20,55
"1161",248,"4614",20,61
"1162",249,"4614",20,132
"1163",250,"4614",20,122
"1164",251,"4614",20,166
"1165",252,"4614",20,35
"1166",255,"4614",20,139
"1167",256,"4614",20,70
"1168",257,"4614",20,158
"1169",258,"4614",20,29
"1170",259,"4614",20,26
"1171",260,"4614",20,7
"1172",261,"4614",20,19
"1173",262,"4614",20,2
"1174",267,"4614",20,1
"1175",268,"4614",20,4
"1176",269,"4614",20,10
"1177",270,"4614",20,15
"1178",239,"4655",20,23
"1179",240,"4655",20,13
"1180",241,"4655",20,16
"1181",242,"4655",20,19
"1182",243,"4655",20,6
"1183",244,"4655",20,3
"1184",263,"4655",20,6
"1185",264,"4655",20,13
"1186",266,"4655",20,12
"1187",245,"4672",20,24
"1188",246,"4672",20,31
"1189",247,"4672",20,103
"1190",248,"4672",20,191
"1191",249,"4672",20,157
"1192",250,"4672",20,184
"1193",251,"4672",20,204
"1194",252,"4672",20,182
"1195",255,"4672",20,216
"1196",256,"4672",20,166
"1197",257,"4672",20,197
"1198",258,"4672",20,163
"1199",259,"4672",20,11
"1200",260,"4672",20,133
"1201",261,"4672",20,39
"1202",262,"4672",20,3
"1203",267,"4672",20,5
"1204",268,"4672",20,28
"1205",269,"4672",20,20
"1206",270,"4672",20,122
"1207",245,"0505",21,8
"1208",246,"0505",21,3
"1209",247,"0505",21,4
"1210",248,"0505",21,102
"1211",249,"0505",21,13
"1212",255,"0505",21,223
"1213",256,"0505",21,210
"1214",257,"0505",21,229
"1215",258,"0505",21,230
"1216",259,"0505",21,76
"1217",260,"0505",21,5
"1218",261,"0505",21,68
"1219",262,"0505",21,7
"1220",263,"0505",21,16
"1221",264,"0505",21,135
"1222",265,"0505",21,28
"1223",266,"0505",21,12
"1224",245,"1676",21,8
"1225",247,"1676",21,1
"1226",248,"1676",21,3
"1227",249,"1676",21,3
"1228",250,"1676",21,3
"1229",251,"1676",21,1
"1230",252,"1676",21,3
"1231",259,"1676",21,92
"1232",260,"1676",21,18
"1233",261,"1676",21,7
"1234",262,"1676",21,2
"1235",263,"1676",21,4
"1236",264,"1676",21,1
"1237",265,"1676",21,3
"1238",266,"1676",21,6
"1239",238,"1708",21,8
"1240",239,"1708",21,2
"1241",240,"1708",21,6
"1242",241,"1708",21,74
"1243",242,"1708",21,50
"1244",243,"1708",21,9
"1245",267,"1708",21,1
"1246",268,"1708",21,18
"1247",269,"1708",21,37
"1248",270,"1708",21,132
"1249",238,"2198",21,4
"1250",239,"2198",21,1
"1251",240,"2198",21,1
"1252",241,"2198",21,1
"1253",242,"2198",21,7
"1254",243,"2198",21,1
"1255",267,"2198",21,3
"1256",268,"2198",21,14
"1257",269,"2198",21,41
"1258",270,"2198",21,38
"1259",238,"2207",21,4
"1260",239,"2207",21,2
"1261",240,"2207",21,4
"1262",241,"2207",21,4
"1263",242,"2207",21,9
"1264",243,"2207",21,1
"1265",263,"2207",21,13
"1266",264,"2207",21,132
"1267",265,"2207",21,100
"1268",266,"2207",21,10
"1269",245,"4604",21,7
"1270",246,"4604",21,3
"1271",247,"4604",21,11
"1272",248,"4604",21,47
"1273",249,"4604",21,64
"1274",250,"4604",21,45
"1275",255,"4604",21,7
"1276",256,"4604",21,7
"1277",257,"4604",21,2
"1278",258,"4604",21,11
"1279",259,"4604",21,4
"1280",260,"4604",21,31
"1281",261,"4604",21,40
"1282",262,"4604",21,3
"1283",263,"4604",21,10
"1284",264,"4604",21,212
"1285",266,"4604",21,15
"1286",239,"4608",21,34
"1287",240,"4608",21,9
"1288",241,"4608",21,27
"1289",242,"4608",21,38
"1290",243,"4608",21,50
"1291",244,"4608",21,1
"1292",267,"4608",21,7
"1293",268,"4608",21,29
"1294",269,"4608",21,12
"1295",270,"4608",21,133
"1296",245,"4614",21,25
"1297",246,"4614",21,10
"1298",247,"4614",21,85
"1299",248,"4614",21,156
"1300",249,"4614",21,104
"1301",250,"4614",21,105
"1302",251,"4614",21,196
"1303",252,"4614",21,15
"1304",255,"4614",21,211
"1305",256,"4614",21,39
"1306",257,"4614",21,96
"1307",258,"4614",21,24
"1308",259,"4614",21,8
"1309",260,"4614",21,4
"1310",261,"4614",21,9
"1311",262,"4614",21,3
"1312",267,"4614",21,1
"1313",268,"4614",21,5
"1314",269,"4614",21,11
"1315",270,"4614",21,21
"1316",239,"4655",21,15
"1317",240,"4655",21,9
"1318",241,"4655",21,23
"1319",242,"4655",21,16
"1320",243,"4655",21,4
"1321",244,"4655",21,1
"1322",263,"4655",21,7
"1323",264,"4655",21,6
"1324",266,"4655",21,11
"1325",245,"4672",21,43
"1326",246,"4672",21,9
"1327",247,"4672",21,48
"1328",248,"4672",21,166
"1329",249,"4672",21,206
"1330",250,"4672",21,215
"1331",251,"4672",21,209
"1332",252,"4672",21,28
"1333",255,"4672",21,220
"1334",256,"4672",21,174
"1335",257,"4672",21,70
"1336",258,"4672",21,197
"1337",259,"4672",21,12
"1338",260,"4672",21,90
"1339",261,"4672",21,72
"1340",262,"4672",21,4
"1341",267,"4672",21,11
"1342",268,"4672",21,17
"1343",269,"4672",21,18
"1344",270,"4672",21,23
"1345",245,"0505",22,19
"1346",246,"0505",22,11
"1347",247,"0505",22,12
"1348",248,"0505",22,19
"1349",249,"0505",22,9
"1350",255,"0505",22,232
"1351",256,"0505",22,153
"1352",257,"0505",22,221
"1353",258,"0505",22,227
"1354",259,"0505",22,133
"1355",260,"0505",22,74
"1356",261,"0505",22,4
"1357",262,"0505",22,11
"1358",263,"0505",22,7
"1359",264,"0505",22,108
"1360",265,"0505",22,61
"1361",266,"0505",22,43
"1362",245,"1676",22,16
"1363",246,"1676",22,1
"1364",247,"1676",22,3
"1365",248,"1676",22,7
"1366",249,"1676",22,3
"1367",250,"1676",22,10
"1368",251,"1676",22,2
"1369",252,"1676",22,3
"1370",259,"1676",22,79
"1371",260,"1676",22,7
"1372",261,"1676",22,5
"1373",262,"1676",22,4
"1374",263,"1676",22,3
"1375",264,"1676",22,2
"1376",265,"1676",22,4
"1377",266,"1676",22,8
"1378",238,"1708",22,1
"1379",239,"1708",22,2
"1380",240,"1708",22,12
"1381",241,"1708",22,96
"1382",242,"1708",22,71
"1383",243,"1708",22,6
"1384",267,"1708",22,3
"1385",268,"1708",22,4
"1386",269,"1708",22,25
"1387",270,"1708",22,143
"1388",238,"2198",22,1
"1389",239,"2198",22,4
"1390",240,"2198",22,7
"1391",241,"2198",22,1
"1392",242,"2198",22,6
"1393",267,"2198",22,2
"1394",268,"2198",22,7
"1395",269,"2198",22,11
"1396",270,"2198",22,61
"1397",239,"2207",22,3
"1398",240,"2207",22,6
"1399",241,"2207",22,5
"1400",242,"2207",22,4
"1401",243,"2207",22,1
"1402",263,"2207",22,12
"1403",264,"2207",22,123
"1404",265,"2207",22,73
"1405",266,"2207",22,10
"1406",245,"4604",22,18
"1407",246,"4604",22,5
"1408",247,"4604",22,17
"1409",248,"4604",22,25
"1410",249,"4604",22,15
"1411",250,"4604",22,41
"1412",255,"4604",22,7
"1413",256,"4604",22,5
"1414",257,"4604",22,29
"1415",258,"4604",22,28
"1416",260,"4604",22,30
"1417",261,"4604",22,27
"1418",262,"4604",22,7
"1419",263,"4604",22,20
"1420",264,"4604",22,228
"1421",266,"4604",22,11
"1422",239,"4608",22,85
"1423",240,"4608",22,9
"1424",241,"4608",22,8
"1425",242,"4608",22,49
"1426",267,"4608",22,1
"1427",268,"4608",22,13
"1428",269,"4608",22,14
"1429",270,"4608",22,127
"1430",245,"4614",22,13
"1431",246,"4614",22,11
"1432",247,"4614",22,205
"1433",248,"4614",22,164
"1434",249,"4614",22,21
"1435",250,"4614",22,151
"1436",251,"4614",22,181
"1437",252,"4614",22,24
"1438",255,"4614",22,23
"1439",256,"4614",22,16
"1440",257,"4614",22,47
"1441",258,"4614",22,70
"1442",259,"4614",22,9
"1443",260,"4614",22,10
"1444",261,"4614",22,10
"1445",262,"4614",22,8
"1446",267,"4614",22,4
"1447",268,"4614",22,2
"1448",269,"4614",22,13
"1449",270,"4614",22,68
"1450",239,"4655",22,25
"1451",240,"4655",22,13
"1452",241,"4655",22,9
"1453",242,"4655",22,7
"1454",243,"4655",22,5
"1455",263,"4655",22,3
"1456",264,"4655",22,5
"1457",266,"4655",22,3
"1458",245,"4672",22,32
"1459",246,"4672",22,22
"1460",247,"4672",22,43
"1461",248,"4672",22,144
"1462",249,"4672",22,122
"1463",250,"4672",22,227
"1464",251,"4672",22,229
"1465",252,"4672",22,116
"1466",255,"4672",22,192
"1467",256,"4672",22,130
"1468",257,"4672",22,88
"1469",258,"4672",22,119
"1470",259,"4672",22,21
"1471",260,"4672",22,28
"1472",261,"4672",22,75
"1473",262,"4672",22,12
"1474",267,"4672",22,4
"1475",268,"4672",22,9
"1476",269,"4672",22,16
"1477",270,"4672",22,55
"1478",245,"0505",23,13
"1479",246,"0505",23,13
"1480",247,"0505",23,5
"1481",248,"0505",23,72
"1482",249,"0505",23,8
"1483",255,"0505",23,234
"1484",256,"0505",23,140
"1485",257,"0505",23,233
"1486",258,"0505",23,123
"1487",259,"0505",23,19
"1488",260,"0505",23,19
"1489",261,"0505",23,37
"1490",262,"0505",23,9
"1491",263,"0505",23,17
"1492",264,"0505",23,105
"1493",265,"0505",23,5
"1494",266,"0505",23,8
"1495",245,"1676",23,16
"1496",246,"1676",23,9
"1497",247,"1676",23,3
"1498",248,"1676",23,2
"1499",249,"1676",23,5
"1500",250,"1676",23,2
"1501",251,"1676",23,6
"1502",252,"1676",23,11
"1503",259,"1676",23,25
"1504",260,"1676",23,17
"1505",261,"1676",23,4
"1506",262,"1676",23,5
"1507",263,"1676",23,4
"1508",264,"1676",23,139
"1509",265,"1676",23,4
"1510",266,"1676",23,6
"1511",238,"1708",23,2
"1512",239,"1708",23,2
"1513",240,"1708",23,3
"1514",241,"1708",23,32
"1515",242,"1708",23,15
"1516",243,"1708",23,9
"1517",267,"1708",23,2
"1518",268,"1708",23,8
"1519",269,"1708",23,8
"1520",270,"1708",23,123
"1521",238,"2198",23,7
"1522",239,"2198",23,12
"1523",240,"2198",23,27
"1524",241,"2198",23,8
"1525",242,"2198",23,4
"1526",243,"2198",23,1
"1527",267,"2198",23,6
"1528",268,"2198",23,12
"1529",269,"2198",23,29
"1530",270,"2198",23,35
"1531",238,"2207",23,1
"1532",239,"2207",23,3
"1533",240,"2207",23,2
"1534",241,"2207",23,4
"1535",242,"2207",23,6
"1536",243,"2207",23,5
"1537",263,"2207",23,14
"1538",264,"2207",23,139
"1539",265,"2207",23,13
"1540",266,"2207",23,6
"1541",245,"4604",23,12
"1542",246,"4604",23,42
"1543",247,"4604",23,81
"1544",248,"4604",23,26
"1545",249,"4604",23,10
"1546",250,"4604",23,33
"1547",255,"4604",23,6
"1548",256,"4604",23,4
"1549",257,"4604",23,9
"1550",258,"4604",23,44
"1551",259,"4604",23,1
"1552",260,"4604",23,3
"1553",261,"4604",23,31
"1554",262,"4604",23,3
"1555",263,"4604",23,6
"1556",264,"4604",23,135
"1557",266,"4604",23,12
"1558",239,"4608",23,119
"1559",240,"4608",23,2
"1560",241,"4608",23,10
"1561",242,"4608",23,81
"1562",243,"4608",23,2
"1563",244,"4608",23,1
"1564",267,"4608",23,15
"1565",268,"4608",23,2
"1566",269,"4608",23,13
"1567",270,"4608",23,142
"1568",245,"4614",23,11
"1569",246,"4614",23,15
"1570",247,"4614",23,194
"1571",248,"4614",23,100
"1572",249,"4614",23,18
"1573",250,"4614",23,127
"1574",251,"4614",23,126
"1575",252,"4614",23,15
"1576",255,"4614",23,28
"1577",256,"4614",23,22
"1578",257,"4614",23,33
"1579",258,"4614",23,61
"1580",259,"4614",23,9
"1581",260,"4614",23,8
"1582",261,"4614",23,4
"1583",262,"4614",23,4
"1584",267,"4614",23,7
"1585",268,"4614",23,7
"1586",269,"4614",23,10
"1587",270,"4614",23,142
"1588",239,"4655",23,5
"1589",241,"4655",23,6
"1590",242,"4655",23,10
"1591",263,"4655",23,5
"1592",264,"4655",23,37
"1593",265,"4655",23,2
"1594",266,"4655",23,9
"1595",245,"4672",23,19
"1596",246,"4672",23,16
"1597",247,"4672",23,156
"1598",248,"4672",23,24
"1599",249,"4672",23,66
"1600",250,"4672",23,185
"1601",251,"4672",23,224
"1602",252,"4672",23,21
"1603",255,"4672",23,200
"1604",256,"4672",23,82
"1605",257,"4672",23,146
"1606",258,"4672",23,71
"1607",259,"4672",23,25
"1608",260,"4672",23,20
"1609",261,"4672",23,151
"1610",262,"4672",23,8
"1611",267,"4672",23,6
"1612",268,"4672",23,6
"1613",269,"4672",23,12
"1614",270,"4672",23,9
