no,date,time,Temp.F,Rh.pct
1,2021-06-28,9:00,81.61,78.755
2,2021-06-28,10:00,86.551,67.741
3,2021-06-28,11:00,87.865,65.617
4,2021-06-28,12:00,87.71,65.495
5,2021-06-28,13:00,89.717,60.391
6,2021-06-28,14:00,90.721,58.926
7,2021-06-28,15:00,91.648,58.803
8,2021-06-28,16:00,90.954,58.974
9,2021-06-28,17:00,91.494,54.164
10,2021-06-28,18:00,90.259,50.33
11,2021-06-28,19:00,87.787,58.193
12,2021-06-28,20:00,82.922,61.685
13,2021-06-28,21:00,77.207,76.679
14,2021-06-28,22:00,76.435,83.077
15,2021-06-28,23:00,76.127,88.571
16,2021-06-29,0:00,75.817,91.404
17,2021-06-29,1:00,74.89,94.652
18,2021-06-29,2:00,73.888,97.949
19,2021-06-29,3:00,74.505,98.266
20,2021-06-29,4:00,75.817,94.676
21,2021-06-29,5:00,75.74,94.359
22,2021-06-29,6:00,75.585,94.628
23,2021-06-29,7:00,80.065,84.42
24,2021-06-29,8:00,83.617,78.071
25,2021-06-29,9:00,85.856,73.187
26,2021-06-29,10:00,87.323,71.917
27,2021-06-29,11:00,88.327,67.668
28,2021-06-29,12:00,89.872,67.326
29,2021-06-29,13:00,90.799,63.028
30,2021-06-29,14:00,92.111,58.022
31,2021-06-29,15:00,92.111,60.659
32,2021-06-29,16:00,91.956,57.289
33,2021-06-29,17:00,92.961,54.53
34,2021-06-29,18:00,92.806,56.581
35,2021-06-29,19:00,90.489,61.099
36,2021-06-29,20:00,86.473,68.889
37,2021-06-29,21:00,81.223,79.048
38,2021-06-29,22:00,79.911,84.347
39,2021-06-29,23:00,77.594,90.476
40,2021-06-30,0:00,76.899,93.7
41,2021-06-30,1:00,76.05,95.092
42,2021-06-30,2:00,78.211,86.984
43,2021-06-30,3:00,78.906,78.168
44,2021-06-30,4:00,78.211,78.608
45,2021-06-30,5:00,77.207,82.173
46,2021-06-30,6:00,76.822,81.807
47,2021-06-30,7:00,81.223,73.529
48,2021-06-30,8:00,83.772,68.718
49,2021-06-30,9:00,85.933,64.396
50,2021-06-30,10:00,87.555,64.591
51,2021-06-30,11:00,89.487,62.979
52,2021-06-30,12:00,90.104,61.148
53,2021-06-30,13:00,91.648,57.998
54,2021-06-30,14:00,93.501,55.433
55,2021-06-30,15:00,94.12,55.556
56,2021-06-30,16:00,94.815,54.799
57,2021-06-30,17:00,95.432,53.724
58,2021-06-30,18:00,94.35,53.138
59,2021-06-30,19:00,92.498,55.702
60,2021-06-30,20:00,86.243,68.571
61,2021-06-30,21:00,82.227,77.973
62,2021-06-30,22:00,81.84,70.525
63,2021-06-30,23:00,79.524,75.775
64,2021-07-01,0:00,77.594,79.609
65,2021-07-01,1:00,77.439,80.684
66,2021-07-01,2:00,74.505,95.311
67,2021-07-01,3:00,74.273,97.411
68,2021-07-01,4:00,73.116,98.95
69,2021-07-01,5:00,71.339,99.707
70,2021-07-01,6:00,71.879,100
71,2021-07-01,7:00,77.054,95.263
72,2021-07-01,8:00,84.466,76.484
73,2021-07-01,9:00,81.918,78.926
74,2021-07-01,10:00,87.093,65.592
75,2021-07-01,11:00,90.027,60.977
76,2021-07-01,12:00,88.945,55.726
77,2021-07-01,13:00,90.567,58.999
78,2021-07-01,14:00,93.81,52.186
79,2021-07-01,15:00,92.728,53.944
80,2021-07-01,16:00,78.829,80.122
81,2021-07-01,17:00,70.876,96.508
82,2021-07-01,18:00,74.35,95.751
83,2021-07-01,19:00,75.045,92.039
84,2021-07-01,20:00,74.118,95.482
85,2021-07-01,21:00,73.733,95.409
86,2021-07-01,22:00,74.041,96.166
87,2021-07-01,23:00,70.799,97.241
88,2021-07-02,0:00,70.335,99.487
89,2021-07-02,1:00,70.335,99.829
90,2021-07-02,2:00,71.107,99.829
91,2021-07-02,3:00,71.029,99.853
92,2021-07-02,4:00,70.876,99.634
93,2021-07-02,5:00,70.644,100
94,2021-07-02,6:00,69.949,99.878
95,2021-07-02,7:00,70.027,100
96,2021-07-02,8:00,70.104,100
97,2021-07-02,9:00,70.567,96.85
98,2021-07-02,10:00,70.799,95.067
99,2021-07-02,11:00,71.571,94.408
100,2021-07-02,12:00,74.505,88.278
101,2021-07-02,13:00,76.744,84.835
102,2021-07-02,14:00,77.979,82.491
103,2021-07-02,15:00,80.296,76.361
104,2021-07-02,16:00,79.371,75.531
105,2021-07-02,17:00,79.524,70.647
106,2021-07-02,18:00,83.926,62.442
107,2021-07-02,19:00,80.683,55.263
108,2021-07-02,20:00,77.517,54.31
109,2021-07-02,21:00,71.956,61.465
110,2021-07-02,22:00,70.722,61.441
111,2021-07-02,23:00,70.104,59.487
112,2021-07-03,0:00,70.027,59.976
113,2021-07-03,1:00,68.25,66.813
114,2021-07-03,2:00,66.396,72.43
115,2021-07-03,3:00,65.161,78.095
116,2021-07-03,4:00,65.316,74.628
117,2021-07-03,5:00,64.929,78.217
118,2021-07-03,6:00,62.305,85.446
119,2021-07-03,7:00,67.246,76.484
120,2021-07-03,8:00,70.18,72.454
121,2021-07-03,9:00,74.35,66.691
122,2021-07-03,10:00,73.81,68.62
123,2021-07-03,11:00,74.35,67.839
124,2021-07-03,12:00,76.204,60.977
125,2021-07-03,13:00,77.904,60.147
126,2021-07-03,14:00,75.585,61.197
127,2021-07-03,15:00,79.216,54.969
128,2021-07-03,16:00,81.455,48.498
129,2021-07-03,17:00,67.71,84.664
130,2021-07-03,18:00,73.038,75.507
131,2021-07-03,19:00,68.173,89.451
132,2021-07-03,20:00,67.478,94.042
133,2021-07-03,21:00,63.385,98.779
134,2021-07-03,22:00,63.617,99.683
135,2021-07-03,23:00,66.319,98.437
136,2021-07-04,0:00,65.624,96.874
137,2021-07-04,1:00,65.471,98.926
138,2021-07-04,2:00,65.316,99.683
139,2021-07-04,3:00,64.467,97.582
140,2021-07-04,4:00,63.772,99.56
141,2021-07-04,5:00,61.918,100
142,2021-07-04,6:00,59.911,100
143,2021-07-04,7:00,64.852,100
144,2021-07-04,8:00,73.965,82.955
145,2021-07-04,9:00,75.895,71.697
146,2021-07-04,10:00,79.138,63.932
147,2021-07-04,11:00,80.528,54.774
148,2021-07-04,12:00,80.605,60.049
149,2021-07-04,13:00,79.756,60.244
150,2021-07-04,14:00,84.466,49.28
151,2021-07-04,15:00,84.466,54.212
152,2021-07-04,16:00,85.626,51.917
153,2021-07-04,17:00,86.32,48.474
154,2021-07-04,18:00,85.161,52.43
155,2021-07-04,19:00,83.539,54.505
156,2021-07-04,20:00,78.057,64.86
157,2021-07-04,21:00,71.339,81.49
158,2021-07-04,22:00,68.868,89.548
159,2021-07-04,23:00,65.856,98.462
160,2021-07-05,0:00,65.161,99.609
161,2021-07-05,1:00,64.08,99.976
162,2021-07-05,2:00,63.617,100
163,2021-07-05,3:00,63.54,99.951
164,2021-07-05,4:00,62.69,100
165,2021-07-05,5:00,62.535,99.853
166,2021-07-05,6:00,62.305,99.878
167,2021-07-05,7:00,69.022,99.756
168,2021-07-05,8:00,78.521,85.275
169,2021-07-05,9:00,82.922,72.943
170,2021-07-05,10:00,86.473,60.171
171,2021-07-05,11:00,87.787,53.968
172,2021-07-05,12:00,87.787,53.48
173,2021-07-05,13:00,88.327,51.722
174,2021-07-05,14:00,89.64,47.326
175,2021-07-05,15:00,88.79,45.836
176,2021-07-05,16:00,89.409,47.766
177,2021-07-05,17:00,89.717,50.476
178,2021-07-05,18:00,88.173,53.529
179,2021-07-05,19:00,85.393,58.877
180,2021-07-05,20:00,80.451,63.101
181,2021-07-05,21:00,77.054,66.569
182,2021-07-05,22:00,75.51,75.116
183,2021-07-05,23:00,74.505,81.929
184,2021-07-06,0:00,73.965,85.299
185,2021-07-06,1:00,73.116,90.305
186,2021-07-06,2:00,72.651,93.846
187,2021-07-06,3:00,72.189,96.044
188,2021-07-06,4:00,72.574,94.139
189,2021-07-06,5:00,74.737,84.713
190,2021-07-06,6:00,74.273,86.252
191,2021-07-06,7:00,77.284,81.026
192,2021-07-06,8:00,81.3,74.945
193,2021-07-06,9:00,83.617,70.33
194,2021-07-06,10:00,86.938,65.91
195,2021-07-06,11:00,88.405,64.713
196,2021-07-06,12:00,88.327,65.641
197,2021-07-06,13:00,88.714,64.835
198,2021-07-06,14:00,91.494,61.294
199,2021-07-06,15:00,92.728,60.684
200,2021-07-06,16:00,93.193,57.118
201,2021-07-06,17:00,92.421,54.09
202,2021-07-06,18:00,90.644,60.073
203,2021-07-06,19:00,88.637,63.614
204,2021-07-06,20:00,85.084,69.304
205,2021-07-06,21:00,82.227,74.335
206,2021-07-06,22:00,79.678,81.636
207,2021-07-06,23:00,80.915,80.269
208,2021-07-07,0:00,81.61,77.753
209,2021-07-07,1:00,79.911,82.491
210,2021-07-07,2:00,78.289,85.763
211,2021-07-07,3:00,78.134,85.104
212,2021-07-07,4:00,77.439,87.106
213,2021-07-07,5:00,77.826,83.81
214,2021-07-07,6:00,77.284,85.812
215,2021-07-07,7:00,79.371,82.1
216,2021-07-07,8:00,82.459,75.238
217,2021-07-07,9:00,85.239,71.526
218,2021-07-07,10:00,88.482,65.958
219,2021-07-07,11:00,92.961,57.68
220,2021-07-07,12:00,91.416,62.735
221,2021-07-07,13:00,92.961,57.924
222,2021-07-07,14:00,93.81,60.757
223,2021-07-07,15:00,93.655,60.44
224,2021-07-07,16:00,93.578,56.703
225,2021-07-07,17:00,91.956,57.973
226,2021-07-07,18:00,91.184,59.072
227,2021-07-07,19:00,86.398,65.372
228,2021-07-07,20:00,82.767,74.31
229,2021-07-07,21:00,81.455,75.922
230,2021-07-07,22:00,79.293,78.755
231,2021-07-07,23:00,79.293,80
232,2021-07-08,0:00,77.979,82.955
233,2021-07-08,1:00,77.207,83.81
234,2021-07-08,2:00,76.512,85.031
235,2021-07-08,3:00,76.822,83.639
236,2021-07-08,4:00,79.911,73.993
237,2021-07-08,5:00,79.756,75.507
238,2021-07-08,6:00,78.984,77.607
239,2021-07-08,7:00,79.371,78.657
240,2021-07-08,8:00,79.524,78.901
241,2021-07-08,9:00,80.683,76.728
242,2021-07-08,10:00,81.61,76.508
243,2021-07-08,11:00,85.393,72.405
244,2021-07-08,12:00,87.633,68.523
245,2021-07-08,13:00,86.86,72.063
246,2021-07-08,14:00,87.015,72.283
247,2021-07-08,15:00,85.161,73.602
248,2021-07-08,16:00,84.004,74.09
249,2021-07-08,17:00,82.459,75.726
250,2021-07-08,18:00,79.524,72.43
251,2021-07-08,19:00,75.277,89.206
252,2021-07-08,20:00,73.269,93.871
253,2021-07-08,21:00,71.724,96.85
254,2021-07-08,22:00,71.649,98.437
255,2021-07-08,23:00,70.876,98.51
256,2021-07-09,0:00,71.724,99.316
257,2021-07-09,1:00,72.034,99.292
258,2021-07-09,2:00,72.034,99.683
259,2021-07-09,3:00,72.111,100
260,2021-07-09,4:00,71.724,100
261,2021-07-09,5:00,71.802,99.707
262,2021-07-09,6:00,71.802,98.657
263,2021-07-09,7:00,71.649,97.143
264,2021-07-09,8:00,77.671,85.397
265,2021-07-09,9:00,79.833,78.315
266,2021-07-09,10:00,79.911,79.365
267,2021-07-09,11:00,81.223,79.267
268,2021-07-09,12:00,85.006,73.382
269,2021-07-09,13:00,86.551,68.352
270,2021-07-09,14:00,89.1,64.151
271,2021-07-09,15:00,91.879,61.074
272,2021-07-09,16:00,90.954,61.661
273,2021-07-09,17:00,90.181,59.145
274,2021-07-09,18:00,82.305,75.311
275,2021-07-09,19:00,77.131,82.1
276,2021-07-09,20:00,80.373,73.431
277,2021-07-09,21:00,75.277,87.424
278,2021-07-09,22:00,73.501,94.383
279,2021-07-09,23:00,71.029,98.901
280,2021-07-10,0:00,73.346,100
281,2021-07-10,1:00,74.505,96.215
282,2021-07-10,2:00,72.961,98.755
283,2021-07-10,3:00,74.196,95.458
284,2021-07-10,4:00,74.583,80.024
285,2021-07-10,5:00,72.651,82.393
286,2021-07-10,6:00,69.872,84.737
287,2021-07-10,7:00,73.578,72.772
288,2021-07-10,8:00,75.74,66.471
289,2021-07-10,9:00,77.054,64.469
290,2021-07-10,10:00,76.977,66.349
291,2021-07-10,11:00,78.289,65.861
292,2021-07-10,12:00,79.833,63.736
293,2021-07-10,13:00,82.612,58.974
294,2021-07-10,14:00,85.316,56.728
295,2021-07-10,15:00,83.849,55.751
296,2021-07-10,16:00,86.398,55.433
297,2021-07-10,17:00,85.701,52.869
298,2021-07-10,18:00,85.006,54.994
299,2021-07-10,19:00,83.154,61.026
300,2021-07-10,20:00,76.127,77.46
301,2021-07-10,21:00,70.799,94.212
302,2021-07-10,22:00,69.332,99.341
303,2021-07-10,23:00,68.635,99.121
304,2021-07-11,0:00,68.945,99.951
305,2021-07-11,1:00,68.328,99.829
306,2021-07-11,2:00,69.177,96.654
307,2021-07-11,3:00,69.408,99.365
308,2021-07-11,4:00,69.872,96.703
309,2021-07-11,5:00,68.945,98.046
310,2021-07-11,6:00,69.872,98.926
311,2021-07-11,7:00,72.266,93.626
312,2021-07-11,8:00,77.517,84.298
313,2021-07-11,9:00,82.767,74.09
314,2021-07-11,10:00,83.772,72.43
315,2021-07-11,11:00,85.626,69.621
316,2021-07-11,12:00,88.018,66.252
317,2021-07-11,13:00,90.412,60.073
318,2021-07-11,14:00,90.412,63.712
319,2021-07-11,15:00,91.956,63.834
320,2021-07-11,16:00,86.706,70.794
321,2021-07-11,17:00,88.482,66.74
322,2021-07-11,18:00,89.332,66.813
323,2021-07-11,19:00,87.17,70.354
324,2021-07-11,20:00,83.385,76.337
325,2021-07-11,21:00,80.143,84.225
326,2021-07-11,22:00,78.676,87.253
327,2021-07-11,23:00,78.289,88.767
328,2021-07-12,0:00,77.284,93.138
329,2021-07-12,1:00,77.517,93.578
330,2021-07-12,2:00,77.594,93.822
331,2021-07-12,3:00,78.366,90.867
332,2021-07-12,4:00,77.517,91.722
333,2021-07-12,5:00,77.671,91.697
334,2021-07-12,6:00,77.131,92.674
335,2021-07-12,7:00,79.216,88.791
336,2021-07-12,8:00,82.845,82.735
337,2021-07-12,9:00,82.537,82.051
338,2021-07-12,10:00,83.694,80.904
339,2021-07-12,11:00,85.626,78.413
340,2021-07-12,12:00,89.254,72.161
341,2021-07-12,13:00,89.1,71.502
342,2021-07-12,14:00,91.726,66.984
343,2021-07-12,15:00,92.806,64.127
344,2021-07-12,16:00,93.888,63.321
345,2021-07-12,17:00,92.883,62.613
346,2021-07-12,18:00,91.494,63.126
347,2021-07-12,19:00,90.412,65.739
348,2021-07-12,20:00,85.701,72.283
349,2021-07-12,21:00,78.676,92.137
350,2021-07-12,22:00,79.524,91.453
351,2021-07-12,23:00,81.532,85.519
352,2021-07-13,0:00,81.455,83.687
353,2021-07-13,1:00,80.451,84.151
354,2021-07-13,2:00,80.451,84.64
355,2021-07-13,3:00,80.143,84.249
356,2021-07-13,4:00,79.293,86.789
357,2021-07-13,5:00,78.906,87.888
358,2021-07-13,6:00,78.289,89.084
359,2021-07-13,7:00,81.84,81.783
360,2021-07-13,8:00,84.544,75.922
361,2021-07-13,9:00,86.783,73.138
362,2021-07-13,10:00,86.243,75.824
363,2021-07-13,11:00,88.095,72.479
364,2021-07-13,12:00,90.721,67.009
365,2021-07-13,13:00,92.188,62.442
366,2021-07-13,14:00,91.956,66.74
367,2021-07-13,15:00,94.737,63.468
368,2021-07-13,16:00,93.193,61.49
369,2021-07-13,17:00,92.575,63.126
370,2021-07-13,18:00,93.038,64.078
371,2021-07-13,19:00,89.717,66.984
372,2021-07-13,20:00,84.081,77.509
373,2021-07-13,21:00,82.305,83.004
374,2021-07-13,22:00,82.767,77.924
375,2021-07-13,23:00,82.227,79.683
376,2021-07-14,0:00,81.765,81.49
377,2021-07-14,1:00,81.455,82.002
378,2021-07-14,2:00,80.683,83.492
379,2021-07-14,3:00,79.833,85.543
380,2021-07-14,4:00,78.829,87.717
381,2021-07-14,5:00,78.751,88.23
382,2021-07-14,6:00,77.671,89.402
383,2021-07-14,7:00,81.3,80.855
384,2021-07-14,8:00,84.621,75.775
385,2021-07-14,9:00,86.011,72.772
386,2021-07-14,10:00,85.471,73.7
387,2021-07-14,11:00,88.173,70.281
388,2021-07-14,12:00,90.799,57.07
389,2021-07-14,13:00,92.961,50.549
390,2021-07-14,14:00,95.045,47.668
391,2021-07-14,15:00,91.648,52.943
392,2021-07-14,16:00,95.355,49.646
393,2021-07-14,17:00,74.428,95.775
394,2021-07-14,18:00,76.667,97.68
395,2021-07-14,19:00,76.667,99.731
396,2021-07-14,20:00,77.594,93.748
397,2021-07-14,21:00,74.968,93.675
398,2021-07-14,22:00,73.965,89.817
399,2021-07-14,23:00,73.038,91.062
400,2021-07-15,0:00,74.118,89.206
401,2021-07-15,1:00,73.656,88.938
402,2021-07-15,2:00,72.343,92.967
403,2021-07-15,3:00,69.408,99.414
404,2021-07-15,4:00,71.029,100
405,2021-07-15,5:00,71.262,98.535
406,2021-07-15,6:00,72.189,98.437
407,2021-07-15,7:00,77.054,90.012
408,2021-07-15,8:00,81.61,80.781
409,2021-07-15,9:00,84.234,73.919
410,2021-07-15,10:00,83.617,77.949
411,2021-07-15,11:00,85.933,69.109
412,2021-07-15,12:00,88.79,63.712
413,2021-07-15,13:00,90.181,65.348
414,2021-07-15,14:00,92.575,62.637
415,2021-07-15,15:00,92.728,58.291
416,2021-07-15,16:00,92.111,55.678
417,2021-07-15,17:00,92.498,53.358
418,2021-07-15,18:00,91.416,56.825
419,2021-07-15,19:00,87.555,59.731
420,2021-07-15,20:00,82.767,70.989
421,2021-07-15,21:00,76.512,90.965
422,2021-07-15,22:00,75.2,97.021
423,2021-07-15,23:00,76.204,95.458
424,2021-07-16,0:00,74.428,99.585
425,2021-07-16,1:00,75.432,100
426,2021-07-16,2:00,77.517,100
427,2021-07-16,3:00,76.667,100
428,2021-07-16,4:00,76.744,100
429,2021-07-16,5:00,77.439,96.801
430,2021-07-16,6:00,76.667,97.265
431,2021-07-16,7:00,79.293,96.679
432,2021-07-16,8:00,84.853,78.608
433,2021-07-16,9:00,88.173,67.131
434,2021-07-16,10:00,91.261,62.637
435,2021-07-16,11:00,90.412,65.763
436,2021-07-16,12:00,91.416,61.905
437,2021-07-16,13:00,91.879,59.951
438,2021-07-16,14:00,93.038,53.138
439,2021-07-16,15:00,93.81,51.99
440,2021-07-16,16:00,94.35,49.915
441,2021-07-16,17:00,93.578,53.04
442,2021-07-16,18:00,91.956,55.971
443,2021-07-16,19:00,89.794,57.68
444,2021-07-16,20:00,84.929,67.35
445,2021-07-16,21:00,77.749,89.573
446,2021-07-16,22:00,75.277,97.558
447,2021-07-16,23:00,75.817,99.78
448,2021-07-17,0:00,75.51,100
449,2021-07-17,1:00,76.744,100
450,2021-07-17,2:00,76.899,100
451,2021-07-17,3:00,75.123,100
452,2021-07-17,4:00,75.817,100
453,2021-07-17,5:00,78.211,91.477
454,2021-07-17,6:00,76.899,94.188
455,2021-07-17,7:00,81.687,86.422
456,2021-07-17,8:00,85.393,79.805
457,2021-07-17,9:00,87.865,74.53
458,2021-07-17,10:00,89.487,72.112
459,2021-07-17,11:00,90.721,71.355
460,2021-07-17,12:00,91.956,70.891
461,2021-07-17,13:00,92.961,67.643
462,2021-07-17,14:00,94.195,60.44
463,2021-07-17,15:00,94.66,55.995
464,2021-07-17,16:00,94.815,59.194
465,2021-07-17,17:00,93.733,59.267
466,2021-07-17,18:00,88.173,68.791
467,2021-07-17,19:00,83.849,78.022
468,2021-07-17,20:00,82.767,68.767
469,2021-07-17,21:00,78.676,83.053
470,2021-07-17,22:00,80.296,82.882
471,2021-07-17,23:00,75.895,96.923
472,2021-07-18,0:00,74.583,97.094
473,2021-07-18,1:00,73.965,99.072
474,2021-07-18,2:00,75.817,98.632
475,2021-07-18,3:00,75.895,97.485
476,2021-07-18,4:00,76.05,95.751
477,2021-07-18,5:00,76.05,92.503
478,2021-07-18,6:00,75.432,89.597
479,2021-07-18,7:00,75.355,84.225
480,2021-07-18,8:00,77.054,76.288
481,2021-07-18,9:00,79.833,65.934
482,2021-07-18,10:00,80.373,61.88
483,2021-07-18,11:00,81.223,62.198
484,2021-07-18,12:00,81.687,62.1
485,2021-07-18,13:00,83.617,59.267
486,2021-07-18,14:00,82.537,63.394
487,2021-07-18,15:00,83.385,60.293
488,2021-07-18,16:00,82.922,61.392
489,2021-07-18,17:00,82.227,59.585
490,2021-07-18,18:00,79.833,63.101
491,2021-07-18,19:00,76.05,66.178
492,2021-07-18,20:00,75.123,68.352
493,2021-07-18,21:00,70.952,80.171
494,2021-07-18,22:00,68.018,90.208
495,2021-07-18,23:00,71.724,80.464
496,2021-07-19,0:00,73.656,76.313
497,2021-07-19,1:00,74.66,72.821
498,2021-07-19,2:00,74.968,74.164
499,2021-07-19,3:00,72.961,81.563
500,2021-07-19,4:00,71.571,85.885
501,2021-07-19,5:00,71.416,84.469
502,2021-07-19,6:00,69.717,90.452
503,2021-07-19,7:00,72.961,74.896
504,2021-07-19,8:00,73.965,72.943
505,2021-07-19,9:00,77.284,72.283
506,2021-07-19,10:00,80.76,62.784
507,2021-07-19,11:00,80.605,62.393
508,2021-07-19,12:00,83.926,59.096
509,2021-07-19,13:00,82.612,60.073
510,2021-07-19,14:00,85.006,55.311
511,2021-07-19,15:00,86.628,50.794
512,2021-07-19,16:00,87.246,50.965
513,2021-07-19,17:00,87.093,57.387
514,2021-07-19,18:00,85.161,60.879
515,2021-07-19,19:00,82.227,66.642
516,2021-07-19,20:00,78.598,74.139
517,2021-07-19,21:00,76.512,78.901
518,2021-07-19,22:00,75.817,78.657
519,2021-07-19,23:00,74.813,85.958
520,2021-07-20,0:00,74.35,87.057
521,2021-07-20,1:00,74.505,87.521
522,2021-07-20,2:00,72.806,88.987
523,2021-07-20,3:00,68.095,98.339
524,2021-07-20,4:00,66.938,99.56
525,2021-07-20,5:00,65.934,100
526,2021-07-20,6:00,65.701,100
527,2021-07-20,7:00,69.332,99.853
528,2021-07-20,8:00,78.366,87.35
529,2021-07-20,9:00,82.227,74.042
530,2021-07-20,10:00,85.161,64.664
531,2021-07-20,11:00,88.018,63.98
532,2021-07-20,12:00,89.409,53.333
533,2021-07-20,13:00,89.1,52.747
534,2021-07-20,14:00,90.181,52.845
535,2021-07-20,15:00,90.181,53.309
536,2021-07-20,16:00,91.261,50.281
537,2021-07-20,17:00,91.261,49.353
538,2021-07-20,18:00,90.644,48.498
539,2021-07-20,19:00,86.706,61.856
540,2021-07-20,20:00,81.3,72.479
541,2021-07-20,21:00,73.656,93.822
542,2021-07-20,22:00,72.111,98.657
543,2021-07-20,23:00,76.59,88.498
544,2021-07-21,0:00,77.594,88.864
545,2021-07-21,1:00,77.594,87.277
546,2021-07-21,2:00,76.512,86.276
547,2021-07-21,3:00,75.663,86.203
548,2021-07-21,4:00,74.89,87.033
549,2021-07-21,5:00,73.888,90.354
550,2021-07-21,6:00,72.961,92.259
551,2021-07-21,7:00,76.59,84.249
552,2021-07-21,8:00,77.749,82.247
553,2021-07-21,9:00,79.293,76.264
554,2021-07-21,10:00,85.239,66.056
555,2021-07-21,11:00,87.246,62.344
556,2021-07-21,12:00,88.173,59.829
557,2021-07-21,13:00,90.027,61.319
558,2021-07-21,14:00,88.637,61.734
559,2021-07-21,15:00,87.942,63.492
560,2021-07-21,16:00,79.756,68.474
561,2021-07-21,17:00,70.567,98.217
562,2021-07-21,18:00,79.756,88.303
563,2021-07-21,19:00,78.521,83.199
564,2021-07-21,20:00,74.737,96.606
565,2021-07-21,21:00,71.956,99.829
566,2021-07-21,22:00,71.494,91.526
567,2021-07-21,23:00,69.949,90.012
568,2021-07-22,0:00,68.405,92.527
569,2021-07-22,1:00,66.706,95.751
570,2021-07-22,2:00,66.166,95.409
571,2021-07-22,3:00,64.699,96.361
572,2021-07-22,4:00,65.161,91.258
573,2021-07-22,5:00,60.528,98.559
574,2021-07-22,6:00,62.845,93.358
575,2021-07-22,7:00,66.088,87.595
576,2021-07-22,8:00,70.567,77.778
577,2021-07-22,9:00,73.116,70.085
578,2021-07-22,10:00,74.813,66.911
579,2021-07-22,11:00,76.359,62.686
580,2021-07-22,12:00,79.524,56.239
581,2021-07-22,13:00,83.309,53.578
582,2021-07-22,14:00,79.833,58.486
583,2021-07-22,15:00,82.69,47.595
584,2021-07-22,16:00,83.926,52.772
585,2021-07-22,17:00,83.232,50.33
586,2021-07-22,18:00,81.995,48.742
587,2021-07-22,19:00,79.601,55.775
588,2021-07-22,20:00,71.416,85.421
589,2021-07-22,21:00,62.922,98.51
590,2021-07-22,22:00,61.378,99.707
591,2021-07-22,23:00,59.679,99.951
592,2021-07-23,0:00,59.061,100
593,2021-07-23,1:00,59.139,100
594,2021-07-23,2:00,59.293,100
595,2021-07-23,3:00,60.838,100
596,2021-07-23,4:00,61.3,100
597,2021-07-23,5:00,61.068,100
598,2021-07-23,6:00,60.373,100
599,2021-07-23,7:00,63.077,100
600,2021-07-23,8:00,65.316,98.217
601,2021-07-23,9:00,71.416,78.852
602,2021-07-23,10:00,76.744,59.731
603,2021-07-23,11:00,78.366,52.234
604,2021-07-23,12:00,81.687,49.158
605,2021-07-23,13:00,84.234,43.346
606,2021-07-23,14:00,85.471,46.374
607,2021-07-23,15:00,85.779,44.737
608,2021-07-23,16:00,83.462,46.447
609,2021-07-23,17:00,83.232,47.888
610,2021-07-23,18:00,84.929,43.736
611,2021-07-23,19:00,82.999,49.744
612,2021-07-23,20:00,73.578,80.244
613,2021-07-23,21:00,63.462,98.266
614,2021-07-23,22:00,61.068,99.78
615,2021-07-23,23:00,59.601,100
616,2021-07-24,0:00,58.366,100
617,2021-07-24,1:00,58.366,100
618,2021-07-24,2:00,57.594,100
619,2021-07-24,3:00,57.672,100
620,2021-07-24,4:00,57.902,100
621,2021-07-24,5:00,57.052,100
622,2021-07-24,6:00,57.979,100
623,2021-07-24,7:00,63.617,100
624,2021-07-24,8:00,73.116,98.852
625,2021-07-24,9:00,76.05,86.74
626,2021-07-24,10:00,81.145,64.371
627,2021-07-24,11:00,83.849,55.36
628,2021-07-24,12:00,85.548,59.243
629,2021-07-24,13:00,87.323,50.427
630,2021-07-24,14:00,87.555,51.258
631,2021-07-24,15:00,86.628,56.239
632,2021-07-24,16:00,85.316,53.284
633,2021-07-24,17:00,82.537,52.869
634,2021-07-24,18:00,83.232,48.107
635,2021-07-24,19:00,79.293,57.436
636,2021-07-24,20:00,76.05,66.911
637,2021-07-24,21:00,75.817,69.573
638,2021-07-24,22:00,75.432,67.009
639,2021-07-24,23:00,75.045,68.523
640,2021-07-25,0:00,75.123,72.772
641,2021-07-25,1:00,76.127,73.114
642,2021-07-25,2:00,76.977,66.96
643,2021-07-25,3:00,76.127,70.842
644,2021-07-25,4:00,74.737,74.579
645,2021-07-25,5:00,74.968,74.872
646,2021-07-25,6:00,74.66,76.288
647,2021-07-25,7:00,75.277,77.289
648,2021-07-25,8:00,76.127,78.095
649,2021-07-25,9:00,76.822,77.802
650,2021-07-25,10:00,79.293,75.116
651,2021-07-25,11:00,82.537,70.549
652,2021-07-25,12:00,83.694,70.623
653,2021-07-25,13:00,84.853,69.621
654,2021-07-25,14:00,85.548,69.035
655,2021-07-25,15:00,88.018,66.74
656,2021-07-25,16:00,88.018,66.813
657,2021-07-25,17:00,86.938,67.131
658,2021-07-25,18:00,86.86,68.718
659,2021-07-25,19:00,82.845,76.923
660,2021-07-25,20:00,82.072,78.168
661,2021-07-25,21:00,79.216,84.737
662,2021-07-25,22:00,78.444,87.595
663,2021-07-25,23:00,76.204,94.383
664,2021-07-26,0:00,76.05,95.678
665,2021-07-26,1:00,76.05,97.582
666,2021-07-26,2:00,77.826,92.308
667,2021-07-26,3:00,73.193,98.828
668,2021-07-26,4:00,77.207,91.77
669,2021-07-26,5:00,76.127,93.529
670,2021-07-26,6:00,73.965,96.654
671,2021-07-26,7:00,78.366,90.598
672,2021-07-26,8:00,79.138,89.866
673,2021-07-26,9:00,81.378,84.591
674,2021-07-26,10:00,84.389,79.414
675,2021-07-26,11:00,87.246,73.455
676,2021-07-26,12:00,90.644,63.663
677,2021-07-26,13:00,91.339,58.657
678,2021-07-26,14:00,90.799,61.099
679,2021-07-26,15:00,93.038,58.095
680,2021-07-26,16:00,95.2,46.154
681,2021-07-26,17:00,93.115,52.698
682,2021-07-26,18:00,92.111,56.044
683,2021-07-26,19:00,86.243,68.01
684,2021-07-26,20:00,79.833,87.937
685,2021-07-26,21:00,78.906,88.547
686,2021-07-26,22:00,76.667,94.212
687,2021-07-26,23:00,73.269,98.901
688,2021-07-27,0:00,72.343,100
689,2021-07-27,1:00,71.416,100
690,2021-07-27,2:00,70.18,100
691,2021-07-27,3:00,69.255,100
692,2021-07-27,4:00,67.863,100
693,2021-07-27,5:00,69.332,100
694,2021-07-27,6:00,67.555,100
695,2021-07-27,7:00,72.034,100
696,2021-07-27,8:00,79.138,97.729
697,2021-07-27,9:00,82.382,82.344
698,2021-07-27,10:00,86.783,68.156
699,2021-07-27,11:00,89.64,62.54
700,2021-07-27,12:00,92.498,55.556
701,2021-07-27,13:00,91.261,57.411
702,2021-07-27,14:00,92.575,52.088
703,2021-07-27,15:00,95.277,42.002
704,2021-07-27,16:00,95.122,37.607
705,2021-07-27,17:00,95.2,42.149
706,2021-07-27,18:00,92.728,46.325
707,2021-07-27,19:00,88.095,61.221
708,2021-07-27,20:00,81.378,71.184
709,2021-07-27,21:00,73.116,94.139
710,2021-07-27,22:00,71.029,98.144
711,2021-07-27,23:00,70.335,99.829
712,2021-07-28,0:00,69.485,100
713,2021-07-28,1:00,72.421,100
714,2021-07-28,2:00,73.346,100
715,2021-07-28,3:00,72.729,98.291
716,2021-07-28,4:00,69.408,100
717,2021-07-28,5:00,68.482,100
718,2021-07-28,6:00,68.868,100
719,2021-07-28,7:00,72.496,92.918
720,2021-07-28,8:00,79.293,74.53
721,2021-07-28,9:00,83.539,64.737
722,2021-07-28,10:00,87.478,55.824
723,2021-07-28,11:00,87.633,57.827
724,2021-07-28,12:00,87.555,55.238
725,2021-07-28,13:00,88.173,51.697
726,2021-07-28,14:00,89.64,49.817
727,2021-07-28,15:00,93.193,43.687
728,2021-07-28,16:00,93.423,43.004
729,2021-07-28,17:00,92.651,46.52
730,2021-07-28,18:00,89.332,48.742
731,2021-07-28,19:00,87.093,52.015
732,2021-07-28,20:00,80.065,69.426
733,2021-07-28,21:00,75.51,79.341
734,2021-07-28,22:00,73.193,88.156
735,2021-07-28,23:00,73.965,87.375
736,2021-07-29,0:00,72.961,91.6
737,2021-07-29,1:00,71.494,98.193
738,2021-07-29,2:00,71.107,98.95
739,2021-07-29,3:00,71.339,100
740,2021-07-29,4:00,70.952,100
741,2021-07-29,5:00,71.494,100
742,2021-07-29,6:00,71.649,100
743,2021-07-29,7:00,72.266,99.487
744,2021-07-29,8:00,74.428,96.825
745,2021-07-29,9:00,79.061,88.23
746,2021-07-29,10:00,83.849,81.148
747,2021-07-29,11:00,83.232,80.855
748,2021-07-29,12:00,85.161,73.48
749,2021-07-29,13:00,87.942,66.203
750,2021-07-29,14:00,87.478,70.696
751,2021-07-29,15:00,85.626,68.791
752,2021-07-29,16:00,85.161,70.989
753,2021-07-29,17:00,87.555,69.695
754,2021-07-29,18:00,81.918,79.023
755,2021-07-29,19:00,80.838,85.69
756,2021-07-29,20:00,80.528,82.051
757,2021-07-29,21:00,78.134,85.25
758,2021-07-29,22:00,78.289,86.105
759,2021-07-29,23:00,78.829,86.203
760,2021-07-30,0:00,78.289,88.449
761,2021-07-30,1:00,77.362,89.963
762,2021-07-30,2:00,78.211,89.402
763,2021-07-30,3:00,73.733,97.607
764,2021-07-30,4:00,71.724,99.853
765,2021-07-30,5:00,72.343,100
766,2021-07-30,6:00,73.888,96.435
767,2021-07-30,7:00,77.594,88.913
768,2021-07-30,8:00,82.767,76.63
769,2021-07-30,9:00,83.849,69.744
770,2021-07-30,10:00,85.856,67.766
771,2021-07-30,11:00,87.015,65.641
772,2021-07-30,12:00,86.628,63.248
773,2021-07-30,13:00,87.787,59.927
774,2021-07-30,14:00,88.56,54.09
775,2021-07-30,15:00,90.567,48.083
776,2021-07-30,16:00,88.173,48.23
777,2021-07-30,17:00,90.104,45.275
778,2021-07-30,18:00,88.56,45.617
779,2021-07-30,19:00,86.398,52.405
780,2021-07-30,20:00,78.444,65.861
781,2021-07-30,21:00,70.257,79.463
782,2021-07-30,22:00,68.482,87.839
783,2021-07-30,23:00,67.555,86.227
784,2021-07-31,0:00,65.934,91.209
785,2021-07-31,1:00,63.077,96.484
786,2021-07-31,2:00,65.701,84.322
787,2021-07-31,3:00,64.312,83.175
788,2021-07-31,4:00,60.451,88.645
789,2021-07-31,5:00,58.521,93.748
790,2021-07-31,6:00,61.686,86.252
791,2021-07-31,7:00,63,79.731
792,2021-07-31,8:00,64.699,76.972
793,2021-07-31,9:00,67.168,71.6
794,2021-07-31,10:00,68.945,64.86
795,2021-07-31,11:00,71.724,58.413
796,2021-07-31,12:00,76.127,50.525
797,2021-07-31,13:00,77.207,51.38
798,2021-07-31,14:00,79.911,49.89
799,2021-07-31,15:00,84.544,45.958
800,2021-07-31,16:00,83.309,47.155
801,2021-07-31,17:00,78.289,50.965
802,2021-07-31,18:00,76.977,58.437
803,2021-07-31,19:00,74.813,65.495
804,2021-07-31,20:00,70.18,76.654
805,2021-07-31,21:00,65.394,93.651
806,2021-07-31,22:00,64.621,97.998
807,2021-07-31,23:00,65.547,96.093
808,2021-08-01,0:00,69.022,86.716
809,2021-08-01,1:00,68.482,89.646
810,2021-08-01,2:00,68.482,88.84
811,2021-08-01,3:00,68.635,90.012
812,2021-08-01,4:00,68.018,93.48
813,2021-08-01,5:00,68.405,94.969
814,2021-08-01,6:00,68.635,94.139
815,2021-08-01,7:00,69.64,93.626
816,2021-08-01,8:00,69.562,94.115
817,2021-08-01,9:00,67.941,96.85
818,2021-08-01,10:00,69.332,94.432
819,2021-08-01,11:00,67.941,96.557
820,2021-08-01,12:00,69.485,93.944
821,2021-08-01,13:00,73.423,88.449
822,2021-08-01,14:00,73.965,86.813
823,2021-08-01,15:00,73.81,89.328
824,2021-08-01,16:00,70.18,100
825,2021-08-01,17:00,71.416,100
826,2021-08-01,18:00,73.888,100
827,2021-08-01,19:00,71.339,99.536
828,2021-08-01,20:00,68.713,99.756
829,2021-08-01,21:00,65.007,99.78
830,2021-08-01,22:00,63.617,99.805
831,2021-08-01,23:00,67.168,100
832,2021-08-02,0:00,67.788,100
833,2021-08-02,1:00,63.927,100
834,2021-08-02,2:00,63.385,100
835,2021-08-02,3:00,61.146,99.902
836,2021-08-02,4:00,59.139,100
837,2021-08-02,5:00,58.134,100
838,2021-08-02,6:00,57.902,100
839,2021-08-02,7:00,61.3,100
840,2021-08-02,8:00,71.107,100
841,2021-08-02,9:00,77.671,100
842,2021-08-02,10:00,83.232,96.801
843,2021-08-02,11:00,91.339,87.57
844,2021-08-02,12:00,101.842,54.554
845,2021-08-02,13:00,108.172,39.853
846,2021-08-02,14:00,112.498,31.6
847,2021-08-02,15:00,113.578,31.77
848,2021-08-02,16:00,94.66,48.425
849,2021-08-02,17:00,80.22,72.039
850,2021-08-02,18:00,74.968,79.853
851,2021-08-02,19:00,71.107,85.25
852,2021-08-02,20:00,66.783,93.797
853,2021-08-02,21:00,61.84,100
854,2021-08-02,22:00,59.911,100
855,2021-08-02,23:00,59.139,100
856,2021-08-03,0:00,59.601,100
857,2021-08-03,1:00,59.446,100
858,2021-08-03,2:00,58.289,100
859,2021-08-03,3:00,59.756,100
860,2021-08-03,4:00,60.141,100
861,2021-08-03,5:00,60.606,100
862,2021-08-03,6:00,60.991,100
863,2021-08-03,7:00,62.382,100
864,2021-08-03,8:00,64.544,100
865,2021-08-03,9:00,66.706,100
866,2021-08-03,10:00,68.713,92.381
867,2021-08-03,11:00,72.496,82.735
868,2021-08-03,12:00,77.979,68.816
869,2021-08-03,13:00,75.51,73.968
870,2021-08-03,14:00,79.448,62.491
871,2021-08-03,15:00,79.138,64.005
872,2021-08-03,16:00,78.984,63.468
873,2021-08-03,17:00,79.371,59.194
874,2021-08-03,18:00,80.992,60.611
875,2021-08-03,19:00,74.505,70.623
876,2021-08-03,20:00,70.027,83.932
877,2021-08-03,21:00,67.091,89.304
878,2021-08-03,22:00,64.467,98.462
879,2021-08-03,23:00,62.535,100
880,2021-08-04,0:00,62.305,100
881,2021-08-04,1:00,61.763,100
882,2021-08-04,2:00,61.533,100
883,2021-08-04,3:00,61.84,100
884,2021-08-04,4:00,62.15,100
885,2021-08-04,5:00,61.533,100
886,2021-08-04,6:00,63.54,100
887,2021-08-04,7:00,63.462,100
888,2021-08-04,8:00,65.394,100
889,2021-08-04,9:00,66.861,96.41
890,2021-08-04,10:00,69.255,89.719
891,2021-08-04,11:00,72.266,77.998
892,2021-08-04,12:00,72.961,72.381
893,2021-08-04,13:00,75.895,72.308
894,2021-08-04,14:00,79.138,69.841
895,2021-08-04,15:00,81.995,58.12
896,2021-08-04,16:00,82.15,57.045
897,2021-08-04,17:00,78.751,62.466
898,2021-08-04,18:00,80.838,54.383
899,2021-08-04,19:00,77.207,62.442
900,2021-08-04,20:00,69.332,84.151
901,2021-08-04,21:00,61.533,99.17
902,2021-08-04,22:00,59.293,100
903,2021-08-04,23:00,58.597,100
904,2021-08-05,0:00,57.825,100
905,2021-08-05,1:00,57.207,100
906,2021-08-05,2:00,56.05,100
907,2021-08-05,3:00,56.358,100
908,2021-08-05,4:00,55.585,100
909,2021-08-05,5:00,57.052,100
910,2021-08-05,6:00,55.585,100
911,2021-08-05,7:00,58.674,100
912,2021-08-05,8:00,68.945,96.996
913,2021-08-05,9:00,74.583,83.687
914,2021-08-05,10:00,76.59,74.017
915,2021-08-05,11:00,78.289,68.254
916,2021-08-05,12:00,81.61,65.201
917,2021-08-05,13:00,84.312,53.236
918,2021-08-05,14:00,85.393,47.228
919,2021-08-05,15:00,86.938,43.004
920,2021-08-05,16:00,88.327,43.761
921,2021-08-05,17:00,89.409,40.317
922,2021-08-05,18:00,86.473,44.957
923,2021-08-05,19:00,82.612,52.772
924,2021-08-05,20:00,71.339,85.031
925,2021-08-05,21:00,64.929,97.118
926,2021-08-05,22:00,64.234,99.316
927,2021-08-05,23:00,64.544,100
928,2021-08-06,0:00,63.54,100
929,2021-08-06,1:00,63.54,100
930,2021-08-06,2:00,63.154,100
931,2021-08-06,3:00,62.845,100
932,2021-08-06,4:00,62.922,100
933,2021-08-06,5:00,64.852,100
934,2021-08-06,6:00,61.378,100
935,2021-08-06,7:00,66.783,100
936,2021-08-06,8:00,75.355,91.477
937,2021-08-06,9:00,79.833,73.26
938,2021-08-06,10:00,82.845,70.501
939,2021-08-06,11:00,83.772,64.615
940,2021-08-06,12:00,85.933,63.297
941,2021-08-06,13:00,88.482,55.604
942,2021-08-06,14:00,89.872,52.503
943,2021-08-06,15:00,89.872,55.458
944,2021-08-06,16:00,89.562,50.818
945,2021-08-06,17:00,89.409,52.405
946,2021-08-06,18:00,85.701,56.557
947,2021-08-06,19:00,81.918,63.492
948,2021-08-06,20:00,76.977,73.407
949,2021-08-06,21:00,75.277,75.214
950,2021-08-06,22:00,73.346,77.827
951,2021-08-06,23:00,69.795,84.567
952,2021-08-07,0:00,65.856,95.14
953,2021-08-07,1:00,63.617,99.609
954,2021-08-07,2:00,62.535,100
955,2021-08-07,3:00,61.455,100
956,2021-08-07,4:00,64.234,100
957,2021-08-07,5:00,65.779,100
958,2021-08-07,6:00,65.701,100
959,2021-08-07,7:00,67.323,100
960,2021-08-07,8:00,71.184,100
961,2021-08-07,9:00,77.979,87.253
962,2021-08-07,10:00,83.077,72.772
963,2021-08-07,11:00,79.524,73.578
964,2021-08-07,12:00,75.585,86.007
965,2021-08-07,13:00,72.961,93.407
966,2021-08-07,14:00,69.717,96.142
967,2021-08-07,15:00,69.177,98.291
968,2021-08-07,16:00,68.945,98.681
969,2021-08-07,17:00,69.255,98.291
970,2021-08-07,18:00,68.635,99.023
971,2021-08-07,19:00,68.945,99.219
972,2021-08-07,20:00,68.482,99.389
973,2021-08-07,21:00,67.941,100
974,2021-08-07,22:00,67.788,100
975,2021-08-07,23:00,66.861,100
976,2021-08-08,0:00,66.783,100
977,2021-08-08,1:00,66.628,100
978,2021-08-08,2:00,66.628,100
979,2021-08-08,3:00,66.319,100
980,2021-08-08,4:00,66.706,100
981,2021-08-08,5:00,65.547,100
982,2021-08-08,6:00,65.394,100
983,2021-08-08,7:00,67.71,98.291
984,2021-08-08,8:00,72.496,87.79
985,2021-08-08,9:00,69.795,91.99
986,2021-08-08,10:00,71.339,90.549
987,2021-08-08,11:00,73.733,85.47
988,2021-08-08,12:00,76.667,79.365
989,2021-08-08,13:00,82.072,69.915
990,2021-08-08,14:00,85.701,65.812
991,2021-08-08,15:00,87.942,57.998
992,2021-08-08,16:00,88.327,54.481
993,2021-08-08,17:00,88.637,56.386
994,2021-08-08,18:00,87.71,58.657
995,2021-08-08,19:00,84.004,65.055
996,2021-08-08,20:00,74.428,84.762
997,2021-08-08,21:00,68.095,99.17
998,2021-08-08,22:00,69.64,97.363
999,2021-08-08,23:00,67.168,99.683
1000,2021-08-09,0:00,67.246,100
1001,2021-08-09,1:00,68.405,100
1002,2021-08-09,2:00,67.246,100
1003,2021-08-09,3:00,65.084,100
1004,2021-08-09,4:00,64.544,100
1005,2021-08-09,5:00,64.774,100
1006,2021-08-09,6:00,65.394,100
1007,2021-08-09,7:00,70.412,100
1008,2021-08-09,8:00,75.51,96.947
1009,2021-08-09,9:00,79.911,85.397
1010,2021-08-09,10:00,84.157,78.168
1011,2021-08-09,11:00,84.621,76.532
1012,2021-08-09,12:00,87.4,71.893
1013,2021-08-09,13:00,88.018,71.429
1014,2021-08-09,14:00,90.489,68.205
1015,2021-08-09,15:00,91.879,63.346
1016,2021-08-09,16:00,84.081,72.015
1017,2021-08-09,17:00,83.694,74.872
1018,2021-08-09,18:00,83.617,70.891
1019,2021-08-09,19:00,76.977,86.276
1020,2021-08-09,20:00,75.277,91.722
1021,2021-08-09,21:00,73.656,98.071
1022,2021-08-09,22:00,74.196,98.217
1023,2021-08-09,23:00,74.89,94.676
1024,2021-08-10,0:00,74.66,93.822
1025,2021-08-10,1:00,75.123,92.137
1026,2021-08-10,2:00,74.66,93.455
1027,2021-08-10,3:00,74.968,92.772
1028,2021-08-10,4:00,74.428,93.651
1029,2021-08-10,5:00,74.196,93.48
1030,2021-08-10,6:00,73.346,96.288
1031,2021-08-10,7:00,75.817,92.967
1032,2021-08-10,8:00,80.605,84.615
1033,2021-08-10,9:00,83.694,80.22
1034,2021-08-10,10:00,85.084,75.629
1035,2021-08-10,11:00,85.626,75.678
1036,2021-08-10,12:00,88.25,71.697
1037,2021-08-10,13:00,89.872,67.937
1038,2021-08-10,14:00,92.575,64.103
1039,2021-08-10,15:00,93.193,63.053
1040,2021-08-10,16:00,94.12,61.074
1041,2021-08-10,17:00,91.879,63.81
1042,2021-08-10,18:00,90.489,65.69
1043,2021-08-10,19:00,84.081,75.922
1044,2021-08-10,20:00,73.346,95.385
1045,2021-08-10,21:00,73.038,97.924
1046,2021-08-10,22:00,71.494,98.803
1047,2021-08-10,23:00,71.956,100
1048,2021-08-11,0:00,72.421,100
1049,2021-08-11,1:00,72.343,100
1050,2021-08-11,2:00,71.416,100
1051,2021-08-11,3:00,72.961,100
1052,2021-08-11,4:00,72.496,100
1053,2021-08-11,5:00,72.961,100
1054,2021-08-11,6:00,72.496,100
1055,2021-08-11,7:00,74.505,100
1056,2021-08-11,8:00,78.751,95.629
1057,2021-08-11,9:00,81.84,86.422
1058,2021-08-11,10:00,83.462,83.248
1059,2021-08-11,11:00,84.929,77.534
1060,2021-08-11,12:00,88.714,72.43
1061,2021-08-11,13:00,92.111,75.14
1062,2021-08-11,14:00,92.111,66.96
1063,2021-08-11,15:00,93.888,63.468
1064,2021-08-11,16:00,95.432,64.005
1065,2021-08-11,17:00,94.815,66.716
1066,2021-08-11,18:00,87.865,72.063
1067,2021-08-11,19:00,80.76,74.725
1068,2021-08-11,20:00,73.116,98.339
1069,2021-08-11,21:00,73.965,99.609
1070,2021-08-11,22:00,73.578,99.805
1071,2021-08-11,23:00,74.041,100
1072,2021-08-12,0:00,73.423,100
1073,2021-08-12,1:00,74.35,100
1074,2021-08-12,2:00,74.041,99.194
1075,2021-08-12,3:00,73.269,100
1076,2021-08-12,4:00,72.189,100
1077,2021-08-12,5:00,72.961,100
1078,2021-08-12,6:00,70.567,100
1079,2021-08-12,7:00,72.574,100
1080,2021-08-12,8:00,80.143,88.889
1081,2021-08-12,9:00,82.15,82.882
1082,2021-08-12,10:00,84.544,81.368
1083,2021-08-12,11:00,87.093,79.121
1084,2021-08-12,12:00,89.409,73.309
1085,2021-08-12,13:00,91.956,67.448
1086,2021-08-12,14:00,94.428,65.641
1087,2021-08-12,15:00,95.74,54.872
1088,2021-08-12,16:00,96.282,50.842
1089,2021-08-12,17:00,96.589,54.115
1090,2021-08-12,18:00,94.195,59.365
1091,2021-08-12,19:00,89.794,65.543
1092,2021-08-12,20:00,83.462,81.441
1093,2021-08-12,21:00,80.76,89.353
1094,2021-08-12,22:00,78.906,95.263
1095,2021-08-12,23:00,79.448,96.63
1096,2021-08-13,0:00,79.371,98.071
1097,2021-08-13,1:00,80.451,96.581
1098,2021-08-13,2:00,82.15,93.016
1099,2021-08-13,3:00,80.992,95.458
1100,2021-08-13,4:00,79.293,98.217
1101,2021-08-13,5:00,78.751,97.387
1102,2021-08-13,6:00,77.207,97.705
1103,2021-08-13,7:00,77.826,98.755
1104,2021-08-13,8:00,85.316,84.42
1105,2021-08-13,9:00,89.254,76.752
1106,2021-08-13,10:00,91.184,75.922
1107,2021-08-13,11:00,92.188,71.136
1108,2021-08-13,12:00,93.655,64.811
1109,2021-08-13,13:00,93.27,57.656
1110,2021-08-13,14:00,92.266,66.569
1111,2021-08-13,15:00,99.061,50.623
1112,2021-08-13,16:00,99.216,52.723
1113,2021-08-13,17:00,97.131,56.63
1114,2021-08-13,18:00,86.938,71.697
1115,2021-08-13,19:00,79.448,76.874
1116,2021-08-13,20:00,76.744,88.376
1117,2021-08-13,21:00,73.733,98.315
1118,2021-08-13,22:00,73.269,99.17
1119,2021-08-13,23:00,73.116,100
1120,2021-08-14,0:00,73.888,100
1121,2021-08-14,1:00,74.273,100
1122,2021-08-14,2:00,72.961,100
1123,2021-08-14,3:00,72.883,100
1124,2021-08-14,4:00,71.956,100
1125,2021-08-14,5:00,73.269,100
1126,2021-08-14,6:00,72.421,100
1127,2021-08-14,7:00,72.961,100
1128,2021-08-14,8:00,80.605,89.866
1129,2021-08-14,9:00,83.694,77.9
1130,2021-08-14,10:00,86.473,72.576
1131,2021-08-14,11:00,86.473,73.284
1132,2021-08-14,12:00,88.173,71.844
1133,2021-08-14,13:00,90.181,68.694
1134,2021-08-14,14:00,93.423,58.462
1135,2021-08-14,15:00,93.578,58.877
1136,2021-08-14,16:00,95.122,55.14
1137,2021-08-14,17:00,95.972,53.993
1138,2021-08-14,18:00,91.803,57.753
1139,2021-08-14,19:00,83.232,79.17
1140,2021-08-14,20:00,79.371,85.885
1141,2021-08-14,21:00,78.521,87.057
1142,2021-08-14,22:00,77.131,91.941
1143,2021-08-14,23:00,75.123,97.485
1144,2021-08-15,0:00,75.355,91.819
1145,2021-08-15,1:00,71.416,100
1146,2021-08-15,2:00,70.952,100
1147,2021-08-15,3:00,70.644,100
1148,2021-08-15,4:00,71.029,100
1149,2021-08-15,5:00,70.104,100
1150,2021-08-15,6:00,67.323,100
1151,2021-08-15,7:00,69.485,100
1152,2021-08-15,8:00,70.412,100
1153,2021-08-15,9:00,74.66,99.048
1154,2021-08-15,10:00,77.439,98.755
1155,2021-08-15,11:00,82.537,85.763
1156,2021-08-15,12:00,86.243,67.204
1157,2021-08-15,13:00,87.865,74.823
1158,2021-08-15,14:00,90.489,61.734
1159,2021-08-15,15:00,83.694,68.107
1160,2021-08-15,16:00,81.84,80.317
1161,2021-08-15,17:00,79.988,80.684
1162,2021-08-15,18:00,77.284,88.913
1163,2021-08-15,19:00,75.74,81.245
1164,2021-08-15,20:00,72.651,89.548
1165,2021-08-15,21:00,70.104,98.266
1166,2021-08-15,22:00,71.494,100
1167,2021-08-15,23:00,71.649,100
1168,2021-08-16,0:00,72.111,88.156
1169,2021-08-16,1:00,71.107,86.716
1170,2021-08-16,2:00,70.489,89.206
1171,2021-08-16,3:00,70.722,87.253
1172,2021-08-16,4:00,69.717,92.723
1173,2021-08-16,5:00,67.941,98.388
1174,2021-08-16,6:00,68.56,99.878
1175,2021-08-16,7:00,69.408,99.683
1176,2021-08-16,8:00,73.038,96.068
1177,2021-08-16,8:25,,
1178,2021-08-16,8:25,,
1179,2021-08-16,8:27,,
1180,2021-08-16,9:00,80.992,79.072
1181,2021-08-16,10:00,79.988,82.54
1182,2021-08-16,11:00,83.385,73.236
1183,2021-08-16,12:00,83.077,75.702
1184,2021-08-16,13:00,83.462,70.769
1185,2021-08-16,14:00,86.473,68.23
1186,2021-08-16,15:00,86.706,68.327
1187,2021-08-16,16:00,85.006,72.332
1188,2021-08-16,17:00,81.455,79.683
1189,2021-08-16,18:00,76.127,94.212
1190,2021-08-16,19:00,73.501,98.046
1191,2021-08-16,20:00,72.651,100
1192,2021-08-16,21:00,72.883,100
1193,2021-08-16,22:00,73.193,100
1194,2021-08-16,23:00,73.656,100
1195,2021-08-17,0:00,74.273,100
1196,2021-08-17,1:00,74.428,100
1197,2021-08-17,2:00,73.578,100
1198,2021-08-17,3:00,73.038,100
1199,2021-08-17,4:00,72.961,100
1200,2021-08-17,5:00,72.961,100
1201,2021-08-17,6:00,72.574,100
1202,2021-08-17,7:00,73.038,100
1203,2021-08-17,8:00,75.585,97.216
1204,2021-08-17,9:00,76.59,96.899
1205,2021-08-17,10:00,79.293,93.578
1206,2021-08-17,11:00,79.601,93.724
1207,2021-08-17,12:00,81.61,88.23
1208,2021-08-17,13:00,85.471,84.811
1209,2021-08-17,14:00,87.555,75.433
1210,2021-08-17,15:00,86.398,78.12
1211,2021-08-17,16:00,85.933,80.147
1212,2021-08-17,17:00,86.628,77.875
1213,2021-08-17,18:00,84.004,81.392
1214,2021-08-17,19:00,82.537,83.175
1215,2021-08-17,20:00,78.676,89.475
1216,2021-08-17,21:00,77.979,93.04
1217,2021-08-17,22:00,76.977,96.85
1218,2021-08-17,23:00,76.59,97.143
1219,2021-08-18,0:00,76.05,99.316
1220,2021-08-18,1:00,76.204,99.121
1221,2021-08-18,2:00,75.663,99.316
1222,2021-08-18,3:00,75.51,99.56
1223,2021-08-18,4:00,75.74,99.78
1224,2021-08-18,5:00,75.817,99.487
1225,2021-08-18,6:00,75.663,99.927
1226,2021-08-18,7:00,76.204,99.536
1227,2021-08-18,8:00,78.984,95.287
1228,2021-08-18,9:00,86.398,82.833
1229,2021-08-18,10:00,87.093,80
1230,2021-08-18,11:00,85.933,78.071
1231,2021-08-18,12:00,89.949,74.701
1232,2021-08-18,13:00,88.405,71.233
1233,2021-08-18,14:00,89.872,71.38
1234,2021-08-18,15:00,88.25,71.6
1235,2021-08-18,16:00,88.327,73.846
1236,2021-08-18,17:00,81.61,87.375
1237,2021-08-18,18:00,78.829,87.912
1238,2021-08-18,19:00,80.838,86.52
1239,2021-08-18,20:00,80.373,92.234
1240,2021-08-18,21:00,80.605,91.941
1241,2021-08-18,22:00,80.065,93.529
1242,2021-08-18,23:00,80.143,94.457
1243,2021-08-19,0:00,80.605,91.062
1244,2021-08-19,1:00,80.451,92.503
1245,2021-08-19,2:00,79.293,95.263
1246,2021-08-19,3:00,78.676,96.044
1247,2021-08-19,4:00,77.979,97.753
1248,2021-08-19,5:00,77.517,97.778
1249,2021-08-19,6:00,76.435,94.75
1250,2021-08-19,7:00,76.204,96.484
1251,2021-08-19,8:00,77.904,91.16
1252,2021-08-19,9:00,83.926,81.148
1253,2021-08-19,10:00,88.637,70.256
1254,2021-08-19,11:00,87.865,69.89
1255,2021-08-19,12:00,88.095,67.912
1256,2021-08-19,13:00,89.562,68.181
1257,2021-08-19,14:00,90.412,70.037
1258,2021-08-19,15:00,91.184,64.908
1259,2021-08-19,16:00,90.799,61.832
1260,2021-08-19,17:00,86.628,71.453
1261,2021-08-19,18:00,90.412,65.25
1262,2021-08-19,19:00,83.077,75.873
1263,2021-08-19,20:00,76.667,96.679
1264,2021-08-19,21:00,76.127,99.976
1265,2021-08-19,22:00,78.134,93.871
1266,2021-08-19,23:00,79.061,88.474
1267,2021-08-20,0:00,78.134,91.331
1268,2021-08-20,1:00,78.751,90.745
1269,2021-08-20,2:00,77.517,93.211
1270,2021-08-20,3:00,76.59,95.897
1271,2021-08-20,4:00,75.663,99.487
1272,2021-08-20,5:00,75.585,100
1273,2021-08-20,6:00,72.651,100
1274,2021-08-20,7:00,72.496,100
1275,2021-08-20,8:00,72.421,100
1276,2021-08-20,9:00,72.034,100
1277,2021-08-20,10:00,71.724,100
1278,2021-08-20,11:00,72.189,100
1279,2021-08-20,12:00,72.034,100
1280,2021-08-20,13:00,74.118,100
1281,2021-08-20,14:00,78.829,88.4
1282,2021-08-20,15:00,80.838,80.024
1283,2021-08-20,16:00,82.382,73.284
1284,2021-08-20,17:00,81.61,74.969
1285,2021-08-20,18:00,81.84,73.236
1286,2021-08-20,19:00,78.906,82.149
1287,2021-08-20,20:00,73.81,96.02
1288,2021-08-20,21:00,71.879,100
1289,2021-08-20,22:00,71.184,100
1290,2021-08-20,23:00,70.489,100
1291,2021-08-21,0:00,69.64,100
1292,2021-08-21,1:00,69.717,100
1293,2021-08-21,2:00,69.795,100
1294,2021-08-21,3:00,68.713,100
1295,2021-08-21,4:00,68.945,100
1296,2021-08-21,5:00,68.79,100
1297,2021-08-21,6:00,67.788,100
1298,2021-08-21,7:00,70.257,100
1299,2021-08-21,8:00,78.751,88.742
1300,2021-08-21,9:00,79.293,88.571
1301,2021-08-21,10:00,84.544,69.89
1302,2021-08-21,11:00,84.544,74.164
1303,2021-08-21,12:00,83.849,77.387
1304,2021-08-21,13:00,82.612,76.19
1305,2021-08-21,14:00,81.145,80.391
1306,2021-08-21,15:00,80.915,81.441
1307,2021-08-21,16:00,86.706,73.748
1308,2021-08-21,17:00,81.687,81.27
1309,2021-08-21,18:00,80.373,81.416
1310,2021-08-21,19:00,78.289,83.736
1311,2021-08-21,20:00,73.193,97.924
1312,2021-08-21,21:00,71.571,100
1313,2021-08-21,22:00,72.266,100
1314,2021-08-21,23:00,71.571,100
1315,2021-08-22,0:00,70.644,100
1316,2021-08-22,1:00,69.485,100
1317,2021-08-22,2:00,68.635,100
1318,2021-08-22,3:00,68.868,100
1319,2021-08-22,4:00,68.482,100
1320,2021-08-22,5:00,68.018,100
1321,2021-08-22,6:00,71.956,100
1322,2021-08-22,7:00,71.956,100
1323,2021-08-22,8:00,80.065,98.535
1324,2021-08-22,9:00,81.61,87.375
1325,2021-08-22,10:00,71.649,94.799
1326,2021-08-22,11:00,72.343,97.167
1327,2021-08-22,12:00,72.961,98.193
1328,2021-08-22,13:00,73.193,98.217
1329,2021-08-22,14:00,76.512,93.431
1330,2021-08-22,15:00,77.207,90.769
1331,2021-08-22,16:00,78.134,90.476
1332,2021-08-22,17:00,80.915,86.764
1333,2021-08-22,18:00,77.207,89.841
1334,2021-08-22,19:00,75.585,92.894
1335,2021-08-22,20:00,72.266,97.631
1336,2021-08-22,21:00,71.339,100
1337,2021-08-22,22:00,68.945,100
1338,2021-08-22,23:00,70.412,100
1339,2021-08-23,0:00,74.196,100
1340,2021-08-23,1:00,74.813,96.947
1341,2021-08-23,2:00,73.965,94.383
1342,2021-08-23,3:00,72.421,98.437
1343,2021-08-23,4:00,72.729,99.902
1344,2021-08-23,5:00,72.266,100
1345,2021-08-23,6:00,73.269,99.902
1346,2021-08-23,7:00,74.968,96.874
1347,2021-08-23,8:00,76.59,90.452
1348,2021-08-23,9:00,81.61,82.027
1349,2021-08-23,10:00,84.312,78.706
1350,2021-08-23,11:00,89.872,72.454
1351,2021-08-23,12:00,89.177,67.888
1352,2021-08-23,13:00,89.332,70.305
1353,2021-08-23,14:00,89.254,70.623
1354,2021-08-23,15:00,90.027,66.496
1355,2021-08-23,16:00,91.339,65.177
1356,2021-08-23,17:00,84.004,83.272
1357,2021-08-23,18:00,82.845,92.063
1358,2021-08-23,19:00,83.154,92.332
1359,2021-08-23,20:00,76.899,99.878
1360,2021-08-23,21:00,74.66,100
1361,2021-08-23,22:00,75.277,100
1362,2021-08-23,23:00,76.744,100
1363,2021-08-24,0:00,77.131,98.388
1364,2021-08-24,1:00,77.362,93.187
1365,2021-08-24,2:00,76.127,95.092
1366,2021-08-24,3:00,74.196,97.021
1367,2021-08-24,4:00,72.266,99.121
1368,2021-08-24,5:00,72.189,100
1369,2021-08-24,6:00,72.651,100
1370,2021-08-24,7:00,74.428,100
1371,2021-08-24,8:00,81.455,89.182
1372,2021-08-24,9:00,86.088,78.803
1373,2021-08-24,10:00,88.482,74.383
1374,2021-08-24,11:00,90.104,68.4
1375,2021-08-24,12:00,91.031,71.551
1376,2021-08-24,13:00,90.954,67.448
1377,2021-08-24,14:00,91.571,62.711
1378,2021-08-24,15:00,92.651,61.929
1379,2021-08-24,16:00,90.567,66.276
1380,2021-08-24,17:00,91.803,64.518
1381,2021-08-24,18:00,89.794,67.375
1382,2021-08-24,19:00,85.316,83.297
1383,2021-08-24,20:00,75.51,98.144
1384,2021-08-24,21:00,72.806,100
1385,2021-08-24,22:00,71.416,100
1386,2021-08-24,23:00,70.644,100
1387,2021-08-25,0:00,69.872,100
1388,2021-08-25,1:00,69.485,100
1389,2021-08-25,2:00,68.713,100
1390,2021-08-25,3:00,68.713,100
1391,2021-08-25,4:00,68.405,100
1392,2021-08-25,5:00,69.022,100
1393,2021-08-25,6:00,67.168,100
1394,2021-08-25,7:00,69.485,100
1395,2021-08-25,8:00,78.829,99.609
1396,2021-08-25,9:00,87.787,85.641
1397,2021-08-25,10:00,92.806,68.498
1398,2021-08-25,11:00,92.498,67.814
1399,2021-08-25,12:00,93.038,68.62
1400,2021-08-25,13:00,93.733,67.473
1401,2021-08-25,14:00,92.034,70.183
1402,2021-08-25,15:00,93.578,67.619
1403,2021-08-25,16:00,93.81,60.757
1404,2021-08-25,17:00,92.651,62.344
1405,2021-08-25,18:00,89.177,70.427
1406,2021-08-25,19:00,85.084,76.752
1407,2021-08-25,20:00,75.74,98.926
1408,2021-08-25,21:00,73.501,100
1409,2021-08-25,22:00,72.496,100
1410,2021-08-25,23:00,73.81,100
1411,2021-08-26,0:00,72.111,100
1412,2021-08-26,1:00,71.956,100
1413,2021-08-26,2:00,73.733,100
1414,2021-08-26,3:00,73.578,100
1415,2021-08-26,4:00,74.196,100
1416,2021-08-26,5:00,75.355,100
1417,2021-08-26,6:00,75.74,100
1418,2021-08-26,7:00,76.822,100
1419,2021-08-26,8:00,82.69,94.115
1420,2021-08-26,9:00,86.32,84.811
1421,2021-08-26,10:00,91.956,76.703
1422,2021-08-26,11:00,92.421,78.022
1423,2021-08-26,12:00,94.815,68.303
1424,2021-08-26,13:00,94.195,68.132
1425,2021-08-26,14:00,94.35,69.744
1426,2021-08-26,15:00,91.726,72.796
1427,2021-08-26,16:00,89.487,71.233
1428,2021-08-26,17:00,88.095,76.068
1429,2021-08-26,18:00,87.942,74.042
1430,2021-08-26,19:00,82.072,85.324
1431,2021-08-26,20:00,76.204,98.046
1432,2021-08-26,21:00,75.045,100
1433,2021-08-26,22:00,74.35,100
1434,2021-08-26,23:00,73.733,100
1435,2021-08-27,0:00,73.965,100
1436,2021-08-27,1:00,74.118,100
1437,2021-08-27,2:00,72.421,100
1438,2021-08-27,3:00,71.802,100
1439,2021-08-27,4:00,71.649,100
1440,2021-08-27,5:00,71.184,100
1441,2021-08-27,6:00,70.876,100
1442,2021-08-27,7:00,73.038,100
1443,2021-08-27,8:00,82.072,97.802
1444,2021-08-27,9:00,89.717,78.486
1445,2021-08-27,10:00,91.648,77.265
1446,2021-08-27,11:00,93.655,74.847
1447,2021-08-27,12:00,92.498,72.088
1448,2021-08-27,13:00,93.423,73.48
1449,2021-08-27,14:00,93.038,67.643
1450,2021-08-27,15:00,93.423,67.497
1451,2021-08-27,16:00,94.12,69.182
1452,2021-08-27,17:00,92.883,70.501
1453,2021-08-27,18:00,83.462,85.421
1454,2021-08-27,19:00,82.072,94.212
1455,2021-08-27,20:00,76.59,93.187
1456,2021-08-27,21:00,75.123,100
1457,2021-08-27,22:00,74.813,100
1458,2021-08-27,23:00,74.428,100
1459,2021-08-28,0:00,74.041,100
1460,2021-08-28,1:00,74.583,100
1461,2021-08-28,2:00,74.505,100
1462,2021-08-28,3:00,74.35,100
1463,2021-08-28,4:00,73.578,100
1464,2021-08-28,5:00,72.883,100
1465,2021-08-28,6:00,74.041,100
1466,2021-08-28,7:00,73.81,100
1467,2021-08-28,8:00,81.145,93.602
1468,2021-08-28,9:00,84.312,83.81
1469,2021-08-28,10:00,86.938,80.488
1470,2021-08-28,11:00,85.626,79.878
1471,2021-08-28,12:00,87.633,76.166
1472,2021-08-28,13:00,87.865,77.998
1473,2021-08-28,14:00,91.107,75.189
1474,2021-08-28,15:00,89.487,73.529
1475,2021-08-28,16:00,83.385,83.98
1476,2021-08-28,17:00,84.004,83.394
1477,2021-08-28,18:00,82.537,82.735
1478,2021-08-28,19:00,78.057,89.133
1479,2021-08-28,20:00,75.51,92.43
1480,2021-08-28,21:00,73.965,93.529
1481,2021-08-28,22:00,72.961,93.968
1482,2021-08-28,23:00,72.189,94.725
1483,2021-08-29,0:00,71.262,95.702
1484,2021-08-29,1:00,70.722,95.36
1485,2021-08-29,2:00,70.335,96.386
1486,2021-08-29,3:00,70.027,96.581
1487,2021-08-29,4:00,69.64,96.166
1488,2021-08-29,5:00,69.485,97.289
1489,2021-08-29,6:00,69.332,96.752
1490,2021-08-29,7:00,69.255,96.142
1491,2021-08-29,8:00,71.184,92.43
1492,2021-08-29,9:00,72.729,90.94
1493,2021-08-29,10:00,75.817,86.862
1494,2021-08-29,11:00,82.227,76.068
1495,2021-08-29,12:00,84.234,77.924
1496,2021-08-29,13:00,83.385,76.703
1497,2021-08-29,14:00,86.088,78.193
1498,2021-08-29,15:00,86.011,71.184
1499,2021-08-29,16:00,83.309,81.49
1500,2021-08-29,17:00,89.717,71.893
1501,2021-08-29,18:00,85.856,75.971
1502,2021-08-29,19:00,82.459,79.267
1503,2021-08-29,20:00,77.284,89.866
1504,2021-08-29,21:00,73.81,97.485
1505,2021-08-29,22:00,71.029,100
1506,2021-08-29,23:00,69.872,100
1507,2021-08-30,0:00,69.255,100
1508,2021-08-30,1:00,70.18,100
1509,2021-08-30,2:00,69.64,100
1510,2021-08-30,3:00,68.635,100
1511,2021-08-30,4:00,68.173,100
1512,2021-08-30,5:00,68.018,100
1513,2021-08-30,6:00,70.335,100
1514,2021-08-30,7:00,73.038,100
1515,2021-08-30,8:00,76.59,100
1516,2021-08-30,9:00,88.327,74.31
1517,2021-08-30,10:00,85.626,75.629
1518,2021-08-30,11:00,89.1,69.28
1519,2021-08-30,12:00,89.1,73.236
1520,2021-08-30,13:00,89.409,74.969
1521,2021-08-30,14:00,89.487,72.967
1522,2021-08-30,15:00,91.571,71.648
1523,2021-08-30,16:00,89.872,76.239
1524,2021-08-30,17:00,90.489,73.407
1525,2021-08-30,18:00,88.637,76.044
1526,2021-08-30,19:00,79.756,83.223
1527,2021-08-30,20:00,75.355,92.357
1528,2021-08-30,21:00,74.041,97.875
1529,2021-08-30,22:00,72.034,98.803
1530,2021-08-30,23:00,71.107,99.878
1531,2021-08-31,0:00,70.952,100
1532,2021-08-31,1:00,70.412,100
1533,2021-08-31,2:00,70.257,100
1534,2021-08-31,3:00,71.956,100
1535,2021-08-31,4:00,69.795,100
1536,2021-08-31,5:00,69.1,100
1537,2021-08-31,6:00,69.717,100
1538,2021-08-31,7:00,70.722,100
1539,2021-08-31,8:00,78.057,97.9
1540,2021-08-31,9:00,84.929,81.319
1541,2021-08-31,10:00,88.56,72.088
1542,2021-08-31,11:00,89.562,71.502
1543,2021-08-31,12:00,90.181,64.347
1544,2021-08-31,13:00,86.32,74.872
1545,2021-08-31,14:00,82.922,80.391
1546,2021-08-31,15:00,84.621,81.758
1547,2021-08-31,16:00,82.227,83.346
1548,2021-08-31,17:00,80.683,87.668
1549,2021-08-31,18:00,78.984,92.772
1550,2021-08-31,19:00,76.977,88.205
1551,2021-08-31,20:00,74.35,96.654
1552,2021-08-31,21:00,73.116,98.803
1553,2021-08-31,22:00,72.651,99.365
1554,2021-08-31,23:00,74.428,89.304
1555,2021-09-01,0:00,73.193,96.532
1556,2021-09-01,1:00,71.802,99.976
1557,2021-09-01,2:00,71.571,100
1558,2021-09-01,3:00,72.496,99.609
1559,2021-09-01,4:00,74.35,98.462
1560,2021-09-01,5:00,75.123,98.266
1561,2021-09-01,6:00,74.968,100
1562,2021-09-01,7:00,75.74,99.414
1563,2021-09-01,8:00,77.362,95.263
1564,2021-09-01,9:00,79.138,90.379
1565,2021-09-01,10:00,82.382,88.376
1566,2021-09-01,11:00,83.926,82.589
1567,2021-09-01,12:00,84.544,78.95
1568,2021-09-01,13:00,85.471,76.996
1569,2021-09-01,14:00,84.699,78.12
1570,2021-09-01,15:00,82.382,78.388
1571,2021-09-01,16:00,75.895,100
1572,2021-09-01,17:00,78.134,97.875
1573,2021-09-01,18:00,78.289,94.09
1574,2021-09-01,19:00,75.895,98.681
1575,2021-09-01,20:00,75.355,100
1576,2021-09-01,21:00,74.428,99.902
1577,2021-09-01,22:00,68.328,100
1578,2021-09-01,23:00,66.551,98.877
1579,2021-09-02,0:00,66.861,97.167
1580,2021-09-02,1:00,65.161,98.584
1581,2021-09-02,2:00,65.934,91.233
1582,2021-09-02,3:00,66.628,86.813
1583,2021-09-02,4:00,67.015,83.858
1584,2021-09-02,5:00,66.706,82.784
1585,2021-09-02,6:00,63.694,85.763
1586,2021-09-02,7:00,63.154,84.664
1587,2021-09-02,8:00,68.713,74.53
1588,2021-09-02,9:00,70.952,68.107
1589,2021-09-02,10:00,72.421,61.661
1590,2021-09-02,11:00,74.66,57.973
1591,2021-09-02,12:00,74.89,54.188
1592,2021-09-02,13:00,75.74,54.799
1593,2021-09-02,14:00,77.594,53.7
1594,2021-09-02,15:00,78.134,53.26
1595,2021-09-02,16:00,78.906,48.816
1596,2021-09-02,17:00,78.598,50.256
1597,2021-09-02,18:00,76.744,57.216
1598,2021-09-02,19:00,69.408,75.385
1599,2021-09-02,20:00,59.679,98.999
1600,2021-09-02,21:00,57.13,100
1601,2021-09-02,22:00,55.508,100
1602,2021-09-02,23:00,54.968,100
1603,2021-09-03,0:00,53.578,100
1604,2021-09-03,1:00,53.114,100
1605,2021-09-03,2:00,53.191,100
1606,2021-09-03,3:00,55.355,100
1607,2021-09-03,4:00,54.583,100
1608,2021-09-03,5:00,53.811,100
1609,2021-09-03,6:00,53.346,100
1610,2021-09-03,7:00,54.118,100
1611,2021-09-03,8:00,63.307,100
1612,2021-09-03,9:00,69.562,72.674
1613,2021-09-03,10:00,72.496,65.421
1614,2021-09-03,11:00,73.81,63.492
1615,2021-09-03,12:00,76.435,64.762
1616,2021-09-03,13:00,76.667,62.222
1617,2021-09-03,14:00,77.054,60.708
1618,2021-09-03,15:00,76.899,62.686
1619,2021-09-03,16:00,76.204,64.982
1620,2021-09-03,17:00,76.899,61.392
1621,2021-09-03,18:00,74.968,62.833
1622,2021-09-03,19:00,67.478,82.149
1623,2021-09-03,20:00,59.446,99.536
1624,2021-09-03,21:00,58.212,100
1625,2021-09-03,22:00,57.825,100
1626,2021-09-03,23:00,57.052,100
1627,2021-09-04,0:00,55.2,100
1628,2021-09-04,1:00,54.041,100
1629,2021-09-04,2:00,53.733,100
1630,2021-09-04,3:00,52.189,100
1631,2021-09-04,4:00,52.034,100
1632,2021-09-04,5:00,53.964,100
1633,2021-09-04,6:00,55.278,100
1634,2021-09-04,7:00,54.736,100
1635,2021-09-04,8:00,63.154,100
1636,2021-09-04,9:00,66.319,100
1637,2021-09-04,10:00,70.335,88.083
1638,2021-09-04,11:00,77.904,71.404
1639,2021-09-04,12:00,77.439,60.342
1640,2021-09-04,13:00,74.89,64.982
1641,2021-09-04,14:00,77.904,64.151
1642,2021-09-04,15:00,80.683,57.338
1643,2021-09-04,16:00,80.296,52.943
1644,2021-09-04,17:00,80.451,54.042
1645,2021-09-04,18:00,77.362,55.336
1646,2021-09-04,19:00,72.496,75.116
1647,2021-09-04,20:00,60.991,98.779
1648,2021-09-04,21:00,58.906,100
1649,2021-09-04,22:00,57.902,100
1650,2021-09-04,23:00,58.444,100
1651,2021-09-05,0:00,61.763,100
1652,2021-09-05,1:00,63,97.534
1653,2021-09-05,2:00,62.535,98.877
1654,2021-09-05,3:00,63,97.9
1655,2021-09-05,4:00,60.683,100
1656,2021-09-05,5:00,63.849,100
1657,2021-09-05,6:00,65.934,100
1658,2021-09-05,7:00,68.482,94.774
1659,2021-09-05,8:00,70.104,88.767
1660,2021-09-05,9:00,73.193,80.904
1661,2021-09-05,10:00,78.598,70.452
1662,2021-09-05,11:00,81.995,69.963
1663,2021-09-05,12:00,79.601,69.353
1664,2021-09-05,13:00,78.676,73.333
1665,2021-09-05,14:00,79.061,75.726
1666,2021-09-05,15:00,78.906,74.701
1667,2021-09-05,16:00,76.512,81.783
1668,2021-09-05,17:00,76.822,87.961
1669,2021-09-05,18:00,74.196,95.971
1670,2021-09-05,19:00,72.496,98.413
1671,2021-09-05,20:00,71.571,99.438
1672,2021-09-05,21:00,71.649,99.585
1673,2021-09-05,22:00,71.494,98.046
1674,2021-09-05,23:00,71.262,98.095
1675,2021-09-06,0:00,70.722,98.437
1676,2021-09-06,1:00,69.872,99.853
1677,2021-09-06,2:00,69.872,100
1678,2021-09-06,3:00,69.795,100
1679,2021-09-06,4:00,70.104,100
1680,2021-09-06,5:00,70.257,100
1681,2021-09-06,6:00,69.64,100
1682,2021-09-06,7:00,69.022,100
1683,2021-09-06,8:00,73.038,98.071
1684,2021-09-06,9:00,77.517,84.005
1685,2021-09-06,10:00,79.988,76.361
1686,2021-09-06,11:00,81.61,68.425
1687,2021-09-06,12:00,81.532,63.712
1688,2021-09-06,13:00,82.999,63.199
1689,2021-09-06,14:00,83.926,57.973
1690,2021-09-06,15:00,85.548,48.718
1691,2021-09-06,16:00,85.701,54.53
1692,2021-09-06,17:00,84.389,54.286
1693,2021-09-06,18:00,82.227,56.117
1694,2021-09-06,19:00,75.585,72.674
1695,2021-09-06,20:00,65.084,98.95
1696,2021-09-06,21:00,63.154,100
1697,2021-09-06,22:00,61.533,100
1698,2021-09-06,23:00,61.223,100
1699,2021-09-07,0:00,60.451,100
1700,2021-09-07,1:00,60.528,100
1701,2021-09-07,2:00,59.679,100
1702,2021-09-07,3:00,58.984,100
1703,2021-09-07,4:00,59.524,100
1704,2021-09-07,5:00,58.521,100
1705,2021-09-07,6:00,58.674,100
1706,2021-09-07,7:00,58.906,100
1707,2021-09-07,8:00,70.876,100
1708,2021-09-07,9:00,78.984,86.056
1709,2021-09-07,10:00,81.61,70.012
1710,2021-09-07,11:00,82.15,69.206
1711,2021-09-07,12:00,82.382,61.807
1712,2021-09-07,13:00,82.15,66.447
1713,2021-09-07,14:00,83.539,63.736
1714,2021-09-07,15:00,85.933,58.168
1715,2021-09-07,16:00,85.471,57.241
1716,2021-09-07,17:00,84.466,54.774
1717,2021-09-07,18:00,81.84,58.486
1718,2021-09-07,19:00,75.74,68.034
1719,2021-09-07,20:00,70.489,78.73
1720,2021-09-07,21:00,68.56,85.25
1721,2021-09-07,22:00,67.401,89.695
1722,2021-09-07,23:00,68.635,89.499
1723,2021-09-08,0:00,67.71,91.697
1724,2021-09-08,1:00,66.011,93.065
1725,2021-09-08,2:00,67.863,90.452
1726,2021-09-08,3:00,66.783,95.433
1727,2021-09-08,4:00,65.007,98.608
1728,2021-09-08,5:00,65.624,100
1729,2021-09-08,6:00,65.007,100
1730,2021-09-08,7:00,68.095,100
1731,2021-09-08,8:00,76.977,86.716
1732,2021-09-08,9:00,80.915,80.708
1733,2021-09-08,10:00,84.389,76.459
1734,2021-09-08,11:00,85.316,72.601
1735,2021-09-08,12:00,85.933,71.77
1736,2021-09-08,13:00,83.849,74.554
1737,2021-09-08,14:00,86.32,74.139
1738,2021-09-08,15:00,86.088,73.748
1739,2021-09-08,16:00,82.072,81.245
1740,2021-09-08,17:00,81.61,82.32
1741,2021-09-08,18:00,83.077,78.462
1742,2021-09-08,19:00,76.744,78.242
1743,2021-09-08,20:00,73.423,87.448
1744,2021-09-08,21:00,72.806,94.701
1745,2021-09-08,22:00,73.578,97.534
1746,2021-09-08,23:00,73.965,92.405
1747,2021-09-09,0:00,74.968,93.846
1748,2021-09-09,1:00,75.045,93.26
1749,2021-09-09,2:00,72.961,88.132
1750,2021-09-09,3:00,68.713,99.976
1751,2021-09-09,4:00,68.328,100
1752,2021-09-09,5:00,67.863,100
1753,2021-09-09,6:00,67.168,100
1754,2021-09-09,7:00,67.168,100
1755,2021-09-09,8:00,67.863,100
1756,2021-09-09,9:00,68.482,100
1757,2021-09-09,10:00,69.255,100
1758,2021-09-09,11:00,69.255,99.756
1759,2021-09-09,12:00,69.485,99.536
1760,2021-09-09,13:00,70.567,98.144
1761,2021-09-09,14:00,73.038,89.475
1762,2021-09-09,15:00,73.346,87.692
1763,2021-09-09,16:00,74.66,82.662
1764,2021-09-09,17:00,72.111,87.888
1765,2021-09-09,18:00,74.118,85.568
1766,2021-09-09,19:00,71.724,93.797
1767,2021-09-09,20:00,66.011,100
1768,2021-09-09,21:00,64.621,100
1769,2021-09-09,22:00,64.467,89.304
1770,2021-09-09,23:00,60.219,100
1771,2021-09-10,0:00,62.767,93.284
1772,2021-09-10,1:00,59.833,99.194
1773,2021-09-10,2:00,63.617,90.159
1774,2021-09-10,3:00,62.767,88.889
1775,2021-09-10,4:00,61.84,89.182
1776,2021-09-10,5:00,61.223,88.303
1777,2021-09-10,6:00,59.679,90.818
1778,2021-09-10,7:00,61.378,89.353
1779,2021-09-10,8:00,68.405,74.164
1780,2021-09-10,9:00,69.949,73.358
1781,2021-09-10,10:00,72.421,70.061
1782,2021-09-10,11:00,73.656,71.306
1783,2021-09-10,12:00,74.118,63.614
1784,2021-09-10,13:00,74.583,64.127
1785,2021-09-10,14:00,74.89,61.123
1786,2021-09-10,15:00,77.207,57.875
1787,2021-09-10,16:00,76.899,54.066
1788,2021-09-10,17:00,75.972,55.067
1789,2021-09-10,18:00,71.649,64.518
1790,2021-09-10,19:00,64.002,84.005
1791,2021-09-10,20:00,56.59,99.78
1792,2021-09-10,21:00,54.891,100
1793,2021-09-10,22:00,53.886,100
1794,2021-09-10,23:00,53.114,100
1795,2021-09-11,0:00,52.189,100
1796,2021-09-11,1:00,51.879,100
1797,2021-09-11,2:00,51.57,100
1798,2021-09-11,3:00,51.57,100
1799,2021-09-11,4:00,52.034,100
1800,2021-09-11,5:00,51.57,100
1801,2021-09-11,6:00,51.879,100
1802,2021-09-11,7:00,52.497,100
1803,2021-09-11,8:00,65.471,100
1804,2021-09-11,9:00,74.737,89.768
1805,2021-09-11,10:00,77.826,69.011
1806,2021-09-11,11:00,78.676,69.035
1807,2021-09-11,12:00,79.138,70.379
1808,2021-09-11,13:00,80.143,61.392
1809,2021-09-11,14:00,79.678,60.684
1810,2021-09-11,15:00,79.524,56.435
1811,2021-09-11,16:00,80.22,56.899
1812,2021-09-11,17:00,78.829,54.725
1813,2021-09-11,18:00,76.435,60.098
1814,2021-09-11,19:00,70.567,72.43
1815,2021-09-11,20:00,65.934,84.64
1816,2021-09-11,21:00,64.389,91.013
1817,2021-09-11,22:00,62.69,95.946
1818,2021-09-11,23:00,63,96.679
1819,2021-09-12,0:00,63.385,95.311
1820,2021-09-12,1:00,63.849,94.188
1821,2021-09-12,2:00,67.941,85.006
1822,2021-09-12,3:00,68.405,83.321
1823,2021-09-12,4:00,69.022,80.22
1824,2021-09-12,5:00,68.25,81.538
1825,2021-09-12,6:00,67.863,83.614
1826,2021-09-12,7:00,66.628,87.009
1827,2021-09-12,8:00,70.489,80.781
1828,2021-09-12,9:00,73.578,74.53
1829,2021-09-12,10:00,76.512,72.137
1830,2021-09-12,11:00,78.598,68.889
1831,2021-09-12,12:00,80.373,71.624
1832,2021-09-12,13:00,80.992,70.427
1833,2021-09-12,14:00,82.999,65.421
1834,2021-09-12,15:00,83.232,57.216
1835,2021-09-12,16:00,84.466,60.073
1836,2021-09-12,17:00,82.305,64.835
1837,2021-09-12,18:00,80.065,69.255
1838,2021-09-12,19:00,76.359,76.874
1839,2021-09-12,20:00,72.266,87.277
1840,2021-09-12,21:00,71.029,92.063
1841,2021-09-12,22:00,73.81,88.816
1842,2021-09-12,23:00,74.428,87.473
1843,2021-09-13,0:00,73.423,88.278
1844,2021-09-13,1:00,72.421,91.233
1845,2021-09-13,2:00,73.346,89.451
1846,2021-09-13,3:00,72.266,91.941
1847,2021-09-13,4:00,71.262,95.653
1848,2021-09-13,5:00,70.027,96.288
1849,2021-09-13,6:00,67.323,99.023
1850,2021-09-13,7:00,70.567,97.9
1851,2021-09-13,8:00,76.744,86.3
1852,2021-09-13,9:00,81.145,73.114
1853,2021-09-13,10:00,85.701,69.328
1854,2021-09-13,11:00,86.706,69.646
1855,2021-09-13,12:00,87.4,63.175
1856,2021-09-13,13:00,88.405,64.298
1857,2021-09-13,14:00,89.949,64.664
1858,2021-09-13,15:00,90.644,61.954
1859,2021-09-13,16:00,89.794,61.709
1860,2021-09-13,17:00,88.79,64.347
1861,2021-09-13,18:00,82.845,76.581
1862,2021-09-13,19:00,78.521,89.939
1863,2021-09-13,20:00,71.339,99.243
1864,2021-09-13,21:00,69.177,100
1865,2021-09-13,22:00,68.868,100
1866,2021-09-13,23:00,68.173,100
1867,2021-09-14,0:00,68.018,100
1868,2021-09-14,1:00,69.795,100
1869,2021-09-14,2:00,66.938,100
1870,2021-09-14,3:00,66.474,100
1871,2021-09-14,4:00,65.856,100
1872,2021-09-14,5:00,65.084,100
1873,2021-09-14,6:00,65.084,100
1874,2021-09-14,7:00,65.007,100
1875,2021-09-14,8:00,72.574,100
1876,2021-09-14,9:00,78.751,91.893
1877,2021-09-14,10:00,85.161,75.092
1878,2021-09-14,11:00,86.706,72.088
1879,2021-09-14,12:00,88.56,68.278
1880,2021-09-14,13:00,87.865,64.64
1881,2021-09-14,14:00,91.107,65.128
1882,2021-09-14,15:00,88.714,62.369
1883,2021-09-14,16:00,89.022,60.562
1884,2021-09-14,17:00,87.015,68.718
1885,2021-09-14,18:00,83.462,72.357
1886,2021-09-14,19:00,76.512,86.911
1887,2021-09-14,20:00,74.041,91.77
1888,2021-09-14,21:00,74.273,93.016
1889,2021-09-14,22:00,74.118,93.968
1890,2021-09-14,23:00,73.038,95.849
1891,2021-09-15,0:00,72.034,98.608
1892,2021-09-15,1:00,71.107,100
1893,2021-09-15,2:00,71.494,100
1894,2021-09-15,3:00,72.111,100
1895,2021-09-15,4:00,72.111,100
1896,2021-09-15,5:00,72.189,95.824
1897,2021-09-15,6:00,70.567,97.094
1898,2021-09-15,7:00,69.872,99.414
1899,2021-09-15,8:00,75.663,89.499
1900,2021-09-15,9:00,81.687,79.072
1901,2021-09-15,10:00,84.776,73.04
1902,2021-09-15,11:00,86.011,68.034
1903,2021-09-15,12:00,87.865,68.449
1904,2021-09-15,13:00,88.405,61.612
1905,2021-09-15,14:00,87.246,63.37
1906,2021-09-15,15:00,87.478,64.005
1907,2021-09-15,16:00,87.246,63.199
1908,2021-09-15,17:00,83.772,72.21
1909,2021-09-15,18:00,83.926,74.09
1910,2021-09-15,19:00,78.521,81.319
1911,2021-09-15,20:00,76.05,89.255
1912,2021-09-15,21:00,75.972,93.651
1913,2021-09-15,22:00,75.585,94.383
1914,2021-09-15,23:00,75.585,95.629
1915,2021-09-16,0:00,75.045,97.607
1916,2021-09-16,1:00,73.501,99.389
1917,2021-09-16,2:00,74.273,99.292
1918,2021-09-16,3:00,73.578,100
1919,2021-09-16,4:00,72.651,100
1920,2021-09-16,5:00,70.722,100
1921,2021-09-16,6:00,72.496,100
1922,2021-09-16,7:00,72.034,99.658
1923,2021-09-16,8:00,72.343,97.68
1924,2021-09-16,9:00,74.968,94.31
1925,2021-09-16,10:00,78.444,87.253
1926,2021-09-16,11:00,80.22,83.663
1927,2021-09-16,12:00,83.772,79.267
1928,2021-09-16,13:00,84.389,78.242
1929,2021-09-16,14:00,82.227,81.978
1930,2021-09-16,15:00,73.423,99.267
1931,2021-09-16,16:00,72.189,100
1932,2021-09-16,17:00,73.578,99.707
1933,2021-09-16,18:00,70.335,99.072
1934,2021-09-16,19:00,70.257,100
1935,2021-09-16,20:00,70.18,100
1936,2021-09-16,21:00,71.029,100
1937,2021-09-16,22:00,70.952,100
1938,2021-09-16,23:00,71.494,100
1939,2021-09-17,0:00,71.262,100
1940,2021-09-17,1:00,71.029,100
1941,2021-09-17,2:00,71.029,100
1942,2021-09-17,3:00,71.262,100
1943,2021-09-17,4:00,70.799,100
1944,2021-09-17,5:00,70.644,100
1945,2021-09-17,6:00,70.876,100
1946,2021-09-17,7:00,70.876,100
1947,2021-09-17,8:00,71.184,100
1948,2021-09-17,9:00,72.111,100
1949,2021-09-17,10:00,73.965,98.266
1950,2021-09-17,11:00,74.968,96.85
1951,2021-09-17,12:00,75.432,93.138
1952,2021-09-17,13:00,76.977,89.915
1953,2021-09-17,14:00,79.371,85.885
1954,2021-09-17,15:00,80.143,81.026
1955,2021-09-17,16:00,78.521,82.662
1956,2021-09-17,17:00,77.517,85.812
1957,2021-09-17,18:00,76.05,89.597
1958,2021-09-17,19:00,73.81,92.552
1959,2021-09-17,20:00,72.343,97.534
1960,2021-09-17,21:00,70.722,99.585
1961,2021-09-17,22:00,69.872,99.096
1962,2021-09-17,23:00,67.633,100
1963,2021-09-18,0:00,66.396,100
1964,2021-09-18,1:00,64.699,100
1965,2021-09-18,2:00,65.161,100
1966,2021-09-18,3:00,67.633,100
1967,2021-09-18,4:00,68.482,100
1968,2021-09-18,5:00,65.701,100
1969,2021-09-18,6:00,63.772,100
1970,2021-09-18,7:00,66.706,100
1971,2021-09-18,8:00,69.562,100
1972,2021-09-18,9:00,76.435,87.619
1973,2021-09-18,10:00,81.378,77.192
1974,2021-09-18,11:00,80.22,79.707
1975,2021-09-18,12:00,83.539,72.894
1976,2021-09-18,13:00,81.3,78.828
1977,2021-09-18,14:00,84.776,72.186
1978,2021-09-18,15:00,86.938,70.696
1979,2021-09-18,16:00,86.938,65.788
1980,2021-09-18,17:00,88.095,63.101
1981,2021-09-18,18:00,83.617,73.358
1982,2021-09-18,19:00,74.118,95.311
1983,2021-09-18,20:00,69.562,100
1984,2021-09-18,21:00,68.095,100
1985,2021-09-18,22:00,66.783,100
1986,2021-09-18,23:00,65.394,100
1987,2021-09-19,0:00,64.929,100
1988,2021-09-19,1:00,65.316,100
1989,2021-09-19,2:00,65.316,100
1990,2021-09-19,3:00,65.161,100
1991,2021-09-19,4:00,64.08,100
1992,2021-09-19,5:00,65.084,100
1993,2021-09-19,6:00,64.389,100
1994,2021-09-19,7:00,64.002,100
1995,2021-09-19,8:00,68.79,99.048
1996,2021-09-19,9:00,74.118,75.873
1997,2021-09-19,10:00,76.05,66.252
1998,2021-09-19,11:00,78.521,54.481
1999,2021-09-19,12:00,79.911,53.065
2000,2021-09-19,13:00,81.455,55.751
2001,2021-09-19,14:00,80.838,45.812
2002,2021-09-19,15:00,81.995,49.06
2003,2021-09-19,16:00,82.459,49.133
2004,2021-09-19,17:00,82.537,47.741
2005,2021-09-19,18:00,76.59,57.827
2006,2021-09-19,19:00,64.852,87.009
2007,2021-09-19,20:00,58.289,99.707
2008,2021-09-19,21:00,56.28,100
2009,2021-09-19,22:00,61.918,90.476
2010,2021-09-19,23:00,61.068,92.772
2011,2021-09-20,0:00,59.988,95.409
2012,2021-09-20,1:00,59.601,96.996
2013,2021-09-20,2:00,57.439,100
2014,2021-09-20,3:00,53.346,100
2015,2021-09-20,4:00,53.501,100
2016,2021-09-20,5:00,52.497,100
2017,2021-09-20,6:00,52.266,100
2018,2021-09-20,7:00,51.957,100
2019,2021-09-20,8:00,64.157,99.56
2020,2021-09-20,9:00,72.111,83.272
2021,2021-09-20,10:00,76.204,72.063
2022,2021-09-20,11:00,75.277,71.917
2023,2021-09-20,12:00,80.296,60.537
2024,2021-09-20,13:00,81.532,55.092
2025,2021-09-20,14:00,79.216,58.999
2026,2021-09-20,15:00,80.143,56.703
2027,2021-09-20,16:00,80.296,54.774
2028,2021-09-20,17:00,77.517,55.995
2029,2021-09-20,18:00,74.041,64.396
2030,2021-09-20,19:00,67.863,76.02
2031,2021-09-20,20:00,64.852,82.589
2032,2021-09-20,21:00,58.597,96.801
2033,2021-09-20,22:00,57.207,100
2034,2021-09-20,23:00,57.517,100
2035,2021-09-21,0:00,58.984,99.145
2036,2021-09-21,1:00,60.683,97.534
2037,2021-09-21,2:00,61.378,95.653
2038,2021-09-21,3:00,62.922,95.263
2039,2021-09-21,4:00,63,95.189
2040,2021-09-21,5:00,63.772,93.724
2041,2021-09-21,6:00,61.455,97.387
2042,2021-09-21,7:00,62.073,98.242
2043,2021-09-21,8:00,66.706,91.087
2044,2021-09-21,9:00,73.269,80.147
2045,2021-09-21,10:00,78.906,71.966
2046,2021-09-21,11:00,80.065,69.206
2047,2021-09-21,12:00,83.385,62.857
2048,2021-09-21,13:00,81.61,62.515
2049,2021-09-21,14:00,82.922,63.883
2050,2021-09-21,15:00,82.999,62.051
2051,2021-09-21,16:00,83.926,59.243
2052,2021-09-21,17:00,80.296,63.858
2053,2021-09-21,18:00,75.817,71.038
2054,2021-09-21,19:00,73.116,78.852
2055,2021-09-21,20:00,71.184,89.011
2056,2021-09-21,21:00,70.412,94.261
2057,2021-09-21,22:00,69.255,97.656
2058,2021-09-21,23:00,69.408,98.877
2059,2021-09-22,0:00,70.335,98.217
2060,2021-09-22,1:00,69.717,99.536
2061,2021-09-22,2:00,69.562,100
2062,2021-09-22,3:00,69.64,100
2063,2021-09-22,4:00,70.489,100
2064,2021-09-22,5:00,70.027,100
2065,2021-09-22,6:00,70.257,100
2066,2021-09-22,7:00,70.567,100
2067,2021-09-22,8:00,74.118,94.457
2068,2021-09-22,9:00,74.583,92.405
2069,2021-09-22,10:00,80.76,77.631
2070,2021-09-22,11:00,82.612,69.133
2071,2021-09-22,12:00,84.004,67.912
2072,2021-09-22,13:00,81.068,73.675
2073,2021-09-22,14:00,82.999,72.576
2074,2021-09-22,15:00,83.232,69.06
2075,2021-09-22,16:00,82.15,72.186
2076,2021-09-22,17:00,81.378,71.624
2077,2021-09-22,18:00,78.444,76.508
2078,2021-09-22,19:00,77.284,77.314
2079,2021-09-22,20:00,76.359,81.783
2080,2021-09-22,21:00,75.817,83.932
2081,2021-09-22,22:00,74.737,88.596
2082,2021-09-22,23:00,74.273,90.842
2083,2021-09-23,0:00,74.118,90.867
2084,2021-09-23,1:00,73.81,92.479
2085,2021-09-23,2:00,74.196,92.479
2086,2021-09-23,3:00,74.737,91.941
2087,2021-09-23,4:00,74.968,91.6
2088,2021-09-23,5:00,75.2,90.305
2089,2021-09-23,6:00,75.277,90.232
2090,2021-09-23,7:00,75.972,89.011
2091,2021-09-23,8:00,73.269,99.292
2092,2021-09-23,9:00,73.038,100
2093,2021-09-23,10:00,65.084,100
2094,2021-09-23,11:00,63.462,100
2095,2021-09-23,12:00,63.307,100
2096,2021-09-23,13:00,64.08,100
2097,2021-09-23,14:00,64.929,100
2098,2021-09-23,15:00,68.56,95.849
2099,2021-09-23,16:00,67.941,93.748
2100,2021-09-23,17:00,67.401,93.675
2101,2021-09-23,18:00,67.015,95.58
2102,2021-09-23,19:00,65.394,98.51
2103,2021-09-23,20:00,65.007,100
2104,2021-09-23,21:00,65.316,100
2105,2021-09-23,22:00,63.23,81.319
2106,2021-09-23,23:00,60.838,82.002
2107,2021-09-24,0:00,57.517,88.107
2108,2021-09-24,1:00,53.191,100
2109,2021-09-24,2:00,51.339,100
2110,2021-09-24,3:00,53.346,100
2111,2021-09-24,4:00,51.262,100
2112,2021-09-24,5:00,49.563,100
2113,2021-09-24,6:00,48.636,100
2114,2021-09-24,7:00,48.173,100
2115,2021-09-24,8:00,60.066,100
2116,2021-09-24,9:00,68.25,77.998
2117,2021-09-24,10:00,72.266,63.443
2118,2021-09-24,11:00,74.583,56.63
2119,2021-09-24,12:00,75.817,52.357
2120,2021-09-24,13:00,76.977,47.033
2121,2021-09-24,14:00,76.435,50.379
2122,2021-09-24,15:00,77.362,43.932
2123,2021-09-24,16:00,77.671,41.563
2124,2021-09-24,17:00,76.59,44.444
2125,2021-09-24,18:00,73.346,49.206
2126,2021-09-24,19:00,58.134,91.306
2127,2021-09-24,20:00,53.038,100
2128,2021-09-24,21:00,51.417,100
2129,2021-09-24,22:00,50.412,100
2130,2021-09-24,23:00,49.64,100
2131,2021-09-25,0:00,49.1,100
2132,2021-09-25,1:00,48.558,100
2133,2021-09-25,2:00,47.556,100
2134,2021-09-25,3:00,47.169,100
2135,2021-09-25,4:00,47.323,100
2136,2021-09-25,5:00,46.861,100
2137,2021-09-25,6:00,46.783,100
2138,2021-09-25,7:00,46.396,100
2139,2021-09-25,8:00,56.745,100
2140,2021-09-25,9:00,68.79,85.348
2141,2021-09-25,10:00,74.583,57.802
2142,2021-09-25,11:00,77.284,58.559
2143,2021-09-25,12:00,77.284,64.835
2144,2021-09-25,13:00,76.435,56.752
2145,2021-09-25,14:00,80.143,49.939
2146,2021-09-25,15:00,76.512,50.842
2147,2021-09-25,16:00,77.904,46.545
2148,2021-09-25,17:00,77.671,51.404
2149,2021-09-25,18:00,69.408,73.968
2150,2021-09-25,19:00,59.679,94.628
2151,2021-09-25,20:00,56.745,100
2152,2021-09-25,21:00,55.355,100
2153,2021-09-25,22:00,53.501,100
2154,2021-09-25,23:00,52.111,100
2155,2021-09-26,0:00,52.574,100
2156,2021-09-26,1:00,59.139,100
2157,2021-09-26,2:00,61.3,88.181
2158,2021-09-26,3:00,61.995,85.25
2159,2021-09-26,4:00,61.223,88.449
2160,2021-09-26,5:00,62.227,85.25
2161,2021-09-26,6:00,60.141,88.62
2162,2021-09-26,7:00,58.906,87.717
2163,2021-09-26,8:00,66.319,71.477
2164,2021-09-26,9:00,70.335,61.123
2165,2021-09-26,10:00,72.266,53.773
2166,2021-09-26,11:00,73.038,53.602
2167,2021-09-26,12:00,73.733,48.034
2168,2021-09-26,13:00,76.282,45.348
2169,2021-09-26,14:00,76.667,45.519
2170,2021-09-26,15:00,77.594,40.806
2171,2021-09-26,16:00,77.904,40.293
2172,2021-09-26,17:00,76.667,41.978
2173,2021-09-26,18:00,72.651,46.789
2174,2021-09-26,19:00,59.524,81.368
2175,2021-09-26,20:00,53.269,98.51
2176,2021-09-26,21:00,51.647,100
2177,2021-09-26,22:00,51.339,100
2178,2021-09-26,23:00,50.567,100
2179,2021-09-27,0:00,51.03,100
2180,2021-09-27,1:00,51.417,100
2181,2021-09-27,2:00,52.266,100
2182,2021-09-27,3:00,50.49,100
2183,2021-09-27,4:00,50.875,100
2184,2021-09-27,5:00,51.03,100
2185,2021-09-27,6:00,50.412,100
2186,2021-09-27,7:00,49.717,100
2187,2021-09-27,8:00,62.305,100
2188,2021-09-27,9:00,72.343,87.375
2189,2021-09-27,10:00,74.737,72.259
2190,2021-09-27,11:00,78.289,53.724
2191,2021-09-27,12:00,79.678,48.571
2192,2021-09-27,13:00,79.988,47.497
2193,2021-09-27,14:00,79.524,48.84
2194,2021-09-27,15:00,79.833,44.347
2195,2021-09-27,16:00,79.601,46.081
2196,2021-09-27,17:00,78.444,51.404
2197,2021-09-27,18:00,75.51,56.557
2198,2021-09-27,19:00,67.863,74.164
2199,2021-09-27,20:00,64.621,83.907
2200,2021-09-27,21:00,66.011,81.245
2201,2021-09-27,22:00,69.562,75.458
2202,2021-09-27,23:00,70.722,72.332
2203,2021-09-28,0:00,70.104,74.921
2204,2021-09-28,1:00,68.945,79.389
2205,2021-09-28,2:00,67.091,82.491
2206,2021-09-28,3:00,65.856,84.982
2207,2021-09-28,4:00,66.088,84.225
2208,2021-09-28,5:00,63,90.916
2209,2021-09-28,6:00,64.852,87.619
2210,2021-09-28,7:00,64.852,90.403
2211,2021-09-28,8:00,71.416,77.558
2212,2021-09-28,9:00,78.211,65.617
2213,2021-09-28,10:00,81.918,63.199
2214,2021-09-28,11:00,80.76,58.828
2215,2021-09-28,12:00,81.687,61.001
2216,2021-09-28,13:00,84.234,58.657
2217,2021-09-28,14:00,82.227,63.687